qy	qing	syllable	qy
qn	qin	syllable	qn
qm	qian	syllable	qm
qu	qu	syllable	qu
qi	qi	syllable	qi
qp	qun	syllable	qp
qjl	qiu	syllable	qq
qui	quan	syllable	qr
qm.	que	syllable	qt
qil	qie	syllable	qx
qlm	qiao	syllable	qc
qk.	qia	syllable	qw
qkm	qiong	syllable	qs
quo	qiang	syllable	qd
wo	wo	syllable	wo
wj	wan	syllable	wj
wl	wai	syllable	wl
wh	wang	syllable	wh
wu	wu	syllable	wu
wio	wen	syllable	wf
wm,	weng	syllable	wg
woj	wei	syllable	wz
wjk	wa	syllable	wa
ro	ruo	syllable	ro
rj	ran	syllable	rj
rk	rao	syllable	rk
rh	rang	syllable	rh
ru	ru	syllable	ru
rp	run	syllable	rp
ri	ri	syllable	ri
rij	re	syllable	re
rui	ruan	syllable	rr
rkm	rong	syllable	rs
rio	ren	syllable	rf
rm,	reng	syllable	rg
r,.	rui	syllable	rv
rkl	rou	syllable	rb
ty	ting	syllable	ty
to	tuo	syllable	to
tj	tan	syllable	tj
tk	tao	syllable	tk
tl	tai	syllable	tl
tm	tian	syllable	tm
th	tang	syllable	th
ti	ti	syllable	ti
tu	tu	syllable	tu
tp	tun	syllable	tp
tij	te	syllable	te
tui	tuan	syllable	tr
tjk	ta	syllable	ta
tkm	tong	syllable	ts
tm,	teng	syllable	tg
toj	tei	syllable	tz
til	tie	syllable	tx
tlm	tiao	syllable	tc
t,.	tui	syllable	tv
tkl	tou	syllable	tb
so	suo	syllable	so
sj	san	syllable	sj
sk	sao	syllable	sk
sl	sai	syllable	sl
sh	sang	syllable	sh
su	su	syllable	su
si	si	syllable	si
sp	sun	syllable	sp
sij	se	syllable	se
sjk	sa	syllable	sa
sio	sen	syllable	sf
sm,	seng	syllable	sg
soj	sei	syllable	sz
skl	sou	syllable	sb
sui	suan	syllable	sr
skm	song	syllable	ss
s,.	sui	syllable	sv
dy	ding	syllable	dy
do	duo	syllable	do
dj	dan	syllable	dj
dk	dao	syllable	dk
dl	dai	syllable	dl
dm	dian	syllable	dm
dh	dang	syllable	dh
di	di	syllable	di
du	du	syllable	du
dp	dun	syllable	dp
dij	de	syllable	de
dui	duan	syllable	dr
djk	da	syllable	da
dkm	dong	syllable	ds
d,.	dui	syllable	dv
dkl	dou	syllable	db
doj	dei	syllable	dz
dlm	diao	syllable	dc
djl	diu	syllable	dq
dm,	deng	syllable	dg
dil	die	syllable	dx
dk.	dia	syllable	dw
fj	fan	syllable	fj
fh	fang	syllable	fh
fo	fo	syllable	fo
fu	fu	syllable	fu
foj	fei	syllable	fz
fjk	fa	syllable	fa
fio	fen	syllable	ff
fm,	feng	syllable	fg
fkl	fou	syllable	fb
go	guo	syllable	go
gj	gan	syllable	gj
gk	gao	syllable	gk
gl	gai	syllable	gl
gh	gang	syllable	gh
gu	gu	syllable	gu
gp	gun	syllable	gp
gy	guai	syllable	gy
gkm	gong	syllable	gs
gij	ge	syllable	ge
gui	guan	syllable	gr
gjk	ga	syllable	ga
gio	gen	syllable	gf
g,.	gui	syllable	gv
gkl	gou	syllable	gb
goj	gei	syllable	gz
guo	guang	syllable	gd
gk.	gua	syllable	gw
gm,	geng	syllable	gg
zo	zuo	syllable	zo
zj	zan	syllable	zj
zk	zao	syllable	zk
zl	zai	syllable	zl
zh	zang	syllable	zh
zu	zu	syllable	zu
zp	zun	syllable	zp
zi	zi	syllable	zi
zij	ze	syllable	ze
zui	zuan	syllable	zr
zjk	za	syllable	za
zio	zen	syllable	zf
zkm	zong	syllable	zs
z,.	zui	syllable	zv
zkl	zou	syllable	zb
zoj	zei	syllable	zz
zm,	zeng	syllable	zg
xy	xing	syllable	xy
xn	xin	syllable	xn
xm	xian	syllable	xm
xu	xu	syllable	xu
xp	xun	syllable	xp
xi	xi	syllable	xi
xui	xuan	syllable	xr
xil	xie	syllable	xx
xjl	xiu	syllable	xq
xk.	xia	syllable	xw
xkm	xiong	syllable	xs
xlm	xiao	syllable	xc
xuo	xiang	syllable	xd
xm.	xue	syllable	xt
co	cuo	syllable	co
cj	can	syllable	cj
ck	cao	syllable	ck
cl	cai	syllable	cl
ch	cang	syllable	ch
ci	ci	syllable	ci
cu	cu	syllable	cu
cp	cun	syllable	cp
cij	ce	syllable	ce
cui	cuan	syllable	cr
cjk	ca	syllable	ca
c,.	cui	syllable	cv
ckl	cou	syllable	cb
ckm	cong	syllable	cs
cio	cen	syllable	cf
cm,	ceng	syllable	cg
vj	zhan	syllable	vj
vk	zhao	syllable	vk
vl	zhai	syllable	vl
vh	zhang	syllable	vh
vi	zhi	syllable	vi
vu	zhu	syllable	vu
vo	zhuo	syllable	vo
vp	zhun	syllable	vp
vy	zhuai	syllable	vy
vij	zhe	syllable	ve
vui	zhuan	syllable	vr
vjk	zha	syllable	va
vkm	zhong	syllable	vs
vuo	zhuang	syllable	vd
vio	zhen	syllable	vf
vm,	zheng	syllable	vg
voj	zhei	syllable	vz
v,.	zhui	syllable	vv
vkl	zhou	syllable	vb
vk.	zhua	syllable	vw
by	bing	syllable	by
bj	ban	syllable	bj
bk	bao	syllable	bk
bl	bai	syllable	bl
bn	bin	syllable	bn
bm	bian	syllable	bm
bh	bang	syllable	bh
bi	bi	syllable	bi
bu	bu	syllable	bu
bjk	ba	syllable	ba
bio	ben	syllable	bf
bm,	beng	syllable	bg
boj	bei	syllable	bz
blm	biao	syllable	bc
bil	bie	syllable	bx
dfy	ying	syllable	yy
dfj	yan	syllable	yj
dfk	yao	syllable	yk
dfn	yin	syllable	yn
dfh	yang	syllable	yh
dfi	yi	syllable	yi
dfu	yu	syllable	yu
dfp	yun	syllable	yp
dfij	ye	syllable	ye
dfui	yuan	syllable	yr
dfkm	yong	syllable	ys
dfm.	yue	syllable	yt
dfkl	you	syllable	yb
dfjk	ya	syllable	ya
efo	shuo	syllable	uo
efj	shan	syllable	uj
efk	shao	syllable	uk
efl	shai	syllable	ul
efh	shang	syllable	uh
efi	shi	syllable	ui
efu	shu	syllable	uu
efp	shun	syllable	up
efy	shuai	syllable	uy
efk.	shua	syllable	uw
efij	she	syllable	ue
efui	shuan	syllable	ur
efuo	shuang	syllable	ud
efio	shen	syllable	uf
efm,	sheng	syllable	ug
ef,.	shui	syllable	uv
efkl	shou	syllable	ub
efjk	sha	syllable	ua
ero	chuo	syllable	io
erj	chan	syllable	ij
erk	chao	syllable	ik
erl	chai	syllable	il
erh	chang	syllable	ih
eri	chi	syllable	ii
eru	chu	syllable	iu
ery	chuai	syllable	iy
erp	chun	syllable	ip
erij	che	syllable	ie
erui	chuan	syllable	ir
erkm	chong	syllable	is
eruo	chuang	syllable	id
erio	chen	syllable	if
erm,	cheng	syllable	ig
er,.	chui	syllable	iv
erkl	chou	syllable	ib
erjk	cha	syllable	ia
wry	ping	syllable	py
wrj	pan	syllable	pj
wrk	pao	syllable	pk
wrl	pai	syllable	pl
wrn	pin	syllable	pn
wrm	pian	syllable	pm
wrh	pang	syllable	ph
wri	pi	syllable	pi
wru	pu	syllable	pu
wro	po	syllable	po
wrio	pen	syllable	pf
wrm,	peng	syllable	pg
wroj	pei	syllable	pz
wril	pie	syllable	px
wrlm	piao	syllable	pc
wrjk	pa	syllable	pa
xco	huo	syllable	ho
xcj	han	syllable	hj
xck	hao	syllable	hk
xcl	hai	syllable	hl
xch	hang	syllable	hh
xcu	hu	syllable	hu
xci	he	syllable	he
xcy	huai	syllable	hy
xcp	hun	syllable	hp
xck.	hua	syllable	hw
xcij	he	syllable	he
xcui	huan	syllable	hr
xckm	hong	syllable	hs
xcuo	huang	syllable	hd
xcio	hen	syllable	hf
xcm,	heng	syllable	hg
xc,.	hui	syllable	hv
xckl	hou	syllable	hb
xcjk	ha	syllable	ha
xcoj	hei	syllable	hz
cvy	jing	syllable	jy
cvn	jin	syllable	jn
cvm	jian	syllable	jm
cvi	ji	syllable	ji
cvp	jun	syllable	jp
cvu	ju	syllable	ju
cvjl	jiu	syllable	jq
cvui	juan	syllable	jr
cvm.	jue	syllable	jt
cvil	jie	syllable	jx
cvlm	jiao	syllable	jc
cvk.	jia	syllable	jw
cvkm	jiong	syllable	js
cvuo	jiang	syllable	jd
sfj	kan	syllable	kj
sfk	kao	syllable	kk
sfl	kai	syllable	kl
sfh	kang	syllable	kh
sfu	ku	syllable	ku
sfy	kuai	syllable	ky
sfp	kun	syllable	kp
sfo	kuo	syllable	ko
sfk.	kua	syllable	kw
sfij	ke	syllable	ke
sfui	kuan	syllable	kr
sfjk	ka	syllable	ka
sfkm	kong	syllable	ks
sfuo	kuang	syllable	kd
sfio	ken	syllable	kf
sfm,	keng	syllable	kg
sfoj	kei	syllable	kz
sf,.	kui	syllable	kv
sfkl	kou	syllable	kb
sdy	ling	syllable	ly
sdo	luo	syllable	lo
sdj	lan	syllable	lj
sdk	lao	syllable	lk
sdl	lai	syllable	ll
sdn	lin	syllable	ln
sdm	lian	syllable	lm
sdh	lang	syllable	lh
sdu	lu	syllable	lu
sdi	li	syllable	li
sd,.	lv	syllable	lv
sdp	lun	syllable	lp
sdjl	liu	syllable	lq
sdij	le	syllable	le
sdui	luan	syllable	lr
sdm.	lve	syllable	lt
sdjk	la	syllable	la
sdkm	long	syllable	ls
sdm,	leng	syllable	lg
sdoj	lei	syllable	lz
sdil	lie	syllable	lx
sdlm	liao	syllable	lc
sdkl	lou	syllable	lb
sduo	liang	syllable	ld
dvuo	niang	syllable	nd
sdk.	lia	syllable	lw
dvy	ning	syllable	ny
dvo	nuo	syllable	no
dvj	nan	syllable	nj
dvk	nao	syllable	nk
dvl	nai	syllable	nl
dvn	nin	syllable	nn
dvm	nian	syllable	nm
dvh	nang	syllable	nh
dvi	ni	syllable	ni
dvu	nu	syllable	nu
dvjl	niu	syllable	nq
dvij	ne	syllable	ne
dvui	nuan	syllable	nr
dvm.	nve	syllable	nt
dvjk	na	syllable	na
dvkm	nong	syllable	ns
dvio	nen	syllable	nf
dvm,	neng	syllable	ng
dvoj	nei	syllable	nz
dvil	nie	syllable	nx
dvlm	niao	syllable	nc
dvkl	nou	syllable	nb
dv,.	nv	syllable	nv
wey	ming	syllable	my
wej	man	syllable	mj
wek	mao	syllable	mk
wel	mai	syllable	ml
wen	min	syllable	mn
wem	mian	syllable	mm
weh	mang	syllable	mh
weu	mu	syllable	mu
weo	mo	syllable	mo
wei	mi	syllable	mi
weij	me	syllable	me
wejk	ma	syllable	ma
weio	men	syllable	mf
wem,	meng	syllable	mg
weoj	mei	syllable	mz
weil	mie	syllable	mx
welm	miao	syllable	mc
wekl	mou	syllable	mb
eij	e	syllable	ee
em,	eng	syllable	eg
ajk	a	syllable	aa
xvo	o	syllable	oo
an	an	syllable	an
en	en	syllable	en
xvu	ou	syllable	ou
ah	ang	syllable	ah
eui	er	syllable	er
jl	iu	fragment	q
ij	e	fragment	e
ui	uan	fragment	r
m.	ue	fragment	t
jk	a	fragment	a
km	ong	fragment	s
uo	uang	fragment	d
io	en	fragment	f
m,	eng	fragment	g
oj	ei	fragment	z
il	ie	fragment	x
lm	iao	fragment	c
,.	ui	fragment	v
kl	ou	fragment	b
k.	ia	fragment	w
df	y	fragment	y
ef	sh	fragment	u
er	ch	fragment	i
xv	o	fragment	o
wr	p	fragment	p
xc	h	fragment	h
cv	j	fragment	j
sf	k	fragment	k
sd	l	fragment	l
dv	n	fragment	n
we	m	fragment	m
