一	个	下	些	样	定	起	直	般
一万	元
一下	子	吧	下
一丝	丝
一个	劲	女生
一串	串
一举	一动
一九	八	七	四
一些	人	问题	东西	事情
一代	人
一件	事	事情	件
一件事	情
一会	儿
一体	化	机
一元	钱
一刀	切
一切	都是
一动	不动
一千	多	万
一卡	通
一口	气	一口	价
一句	话
一只	手	脚	小	猫
一台	电脑
一号	线
一周	内
一回	事
一团	糟
一场	梦
一块	儿	钱	块
一声	叹息
一夜	情	之间	暴富
一大	堆	早	半
一天	到晚	天	一天
一如	既往
一季	度
一定	程度	要把	要看	量
一审	判决
一室	一厅
一家	子
一对	一
一封	信
一小	撮
一席	之地	话
一幅	画	幅
一幕	幕
一年	多	的	前	后	半	内	一度	来
一座	座
一张	张	纸	照片	床
一成	不变
一扇	门
一把	手	刀
一排	排
一支	烟
一整	天	套
一文	不值
一日	游	三餐
一时	间
一月	份
一本	正经
一朵	花
一条	路	街	龙	条	线	腿	狗	鱼
一杯	水	酒
一枝	花
一样	吗
一根	烟
一棵	树
一次	性	次	会议
一步	步	一步	到位
一段	时间	话
一比	一
一气	之下
一汽	大众	丰田
一滴	水	泪
一点	点	也不	儿	一点	一滴
一片	空白	片
一生	一世
一男	一女	子
一番	话
一百	多	万	五十	二十	元
一直	没有	以来	以为	都在
一瞬	间
一种	特殊
一窝	蜂
一站	式
一笔	钱
一等	奖
一篇	文章
一系列	的
一级	市场
一群	人
一脸	的
一致	性
一般	人	来说	性	而言	说来
一节	课
一见	钟情
一览	表
一言	不发	一行
一起	去	玩	分享	吃	走	看	做	走过
一起走	过
一路	走来	顺风
一转	眼
一辆	车
一辈	子
一边	倒
一连	串
一遍	遍
一道	道
一闪	而过
一阵	子	阵	风
一颗	心	颗
一首	歌	诗
丁	丁	香	磊
七	月	年	八	个	天	夕	点	大
七十	年代	二
七彩	虹
七月	份
万	元	一	科	人	美元	吨	里	分
万事	如意
万人	次	迷
万亿	元
万元	以上	左右	以下
万分	之一
万千	瓦
万吨	级
万年	历
丈	夫
三	个	年	星	大	是	天	十	个月
三个	月	人	字	代表	方面	阶段
三中	全会
三亚	市
三人	行
三位	一体
三元	桥
三分	之一	钟	之二	球
三十	岁	六	五	年代	二	万	日	八
三千	多
三国	志	演义	无双
三天	两头
三峡	工程	库区	大坝
三年	前	级	内	后	来
三方	面
三明	治
三星	电子
三月	份
三次	会议
三百	多
三等	奖
三级	片
三角	形	洲
三轮	车
三部	曲
三门	峡
上	海	班	面	的	网	次	午	市
上一	次	页	篇	层	年
上上	下下
上下	班	文	游
上个	月	世纪
上交	所
上传	到	图片
上千	万
上周	末	四
上层	建筑
上市	公司	交易	时间
上当	受骗
上投	摩根
上海	市	人	大众	滩	话	通用	国际	车展
上班	族	时间
上百	万
上皮	细胞
上级	领导
上网	时间	卡	时
上网时	间
上证	指数	所
上诉	人
上进	心
上门	服务
下	载	午	来	面	去	次	班	降
下一	步	代	次	页	篇	站
下个	月
下午	茶
下半	年	场	身
下周	一
下定	决心
下岗	职工	工人
下拉	菜单	框
下水	道
下落	不明
下载	地址	速度	软件	安装
下雨	了	天
不	是	过	能	会	要	错	同	好
不一	会	会儿
不一会	儿
不下	雨
不久	前
不了	了
不了了	之
不仅	仅	如此
不会	吧	出现	忘记	用	变	说话
不作	为
不便	宜
不保	证
不假	思索
不停	的
不出	声
不利	影响	因素
不动	产	了	声色
不包	含
不变	的
不可	避免	缺少	忽视	替代	多得	分割	一世	逆转
不同	程度	类型	意见	之处	层次	地区	时期	寻常
不在	乎	线	少数
不堪	一击	回首	设想
不复	存在
不大	不小
不太	好
不失	为	时机
不好	意思	用	吗	过
不如	说
不孕	不育	症
不完	美
不定	时
不容	忽视	乐观	置疑
不对	劲
不小	的
不少	人
不干	胶
不幸	福
不归	路
不得	不	已	擅自
不快	乐
不怕	不怕
不思	进取
不想	做	要
不懈	努力
不敢	相信	当
不断	提高	增加	扩大	完善	发展	增强	创新	加强
不是	很	说	我	一个	你	很好	吗	没有
不是很	好
不来	梅
不止	一次
不正	之风
不死	心
不法	分子
不爱	你	我
不理	我
不用	担心	注册	客气
不由	得	自主
不相	上下
不睡	觉
不知	不觉
不算	什么
不管	怎样	用
不经	意
不经意	间
不耐	烦
不能	用	接受	使用	做	吃	超过	正常	确定
不良	反应	影响	资产	贷款
不要	紧	太	脸	钱	用	去	以为	轻易
不见	得
不论	是
不负	责任
不起	眼	作用
不足	之处
不过	如此
不远	处
不错	啊
不顾	一切
与	其	之	否	他	你	人	会	我
与会	者
与其	说
与此	同时
丐	帮
丑	陋	闻	恶	女	化	丑	小鸭
专	业	家	门	用	辑	题	利	项
专业	化	人士	知识	人员	课	性	生产	版
专利	技术	权	申请
专卖	店
专家	学者	组	认为	称	建议	提醒	介绍	分析
专案	组
专用	发票
专营	店
专辑	介绍
专门	从事
专项	整治	资金	检查	治理
专题	研究	讲座
且	有	不说	不
且不	说
世	界	纪	上	间	人	俗	道	事
世博	会
世界	杯	各地	里	各国	级	经济	第一	观
世界杯	赛
世纪	初	末
世贸	组织
丘	陵	疹
业	务	绩	主	界	内	余	态	已
业主	论坛	大会
业余	时间
业内	人士
业务	员	流程	量	发展	部门	部	人员	范围
业务部	门
业绩	增长
丛	林	书	中	生	飞
东	西	方	东	北	莞	京	部	风
东北	人	地区	部	亚	大学	虎
东南	亚	部	大学	西北
东城	区
东方	卫视	明珠	神起	不败	人	红	网
东莞	市
东西	方
东部	地区
东风	日产	破
丝	毫	袜	绸	丝	瓜	巾	路	带
丝毫	没有
丝绸	之路
丞	相
丢	失	了	人	脸	掉	弃	下	丢
两	个	人	天	年	次	种	个人	位
两万	元
两三	天
两个	人	月	字	方面	孩子	女人	男人
两位	数
两分	钟
两千	多
两厢	车
两口	子
两大	类
两岸	关系	经贸
两年	前	后	内
两方	面
两极	分化
两部	分
严	重	格	肃	禁	厉	峻	谨	密
严厉	打击
严格	按照	执行	控制	遵守	要求
严肃	处理	性
严重	影响	者	性	后果
丧	失	生	命
个	人	月	性	股	别	体	个	子
个人	观点	认为	资料	空间	意见	信息	主页	网站
个体	户
个字	符
个性	化	签名
丫	头	丫	鬟
中	国	的	心	午	文	国人	间	央
中东	地区
中产	阶级
中介	机构	公司	费	服务	组织
中信	证券	银行
中共	中央	党员
中兴	通讯
中医	药	院	学
中华	民族	文化	民国	文明	网	儿女
中南	海	大学
中国	人	队	特色	政府	经济	市场	人民	移动
中国人	民	寿	口
中外	合资
中央	政府	企业	军委	台	银行	财政	领导	空调
中学	生
中小	企业	学	学生	板	型	学校	城市
中小学	生	校
中层	干部
中山	大学	市	公园	路
中年	人	男子	妇女	男人
中心	主任	城市	区	小学	医院	工作	组
中文	版	系	网	名	字幕	域名	论坛
中日	关系	韩
中海	油
中秋	节	快乐
中科	院
中签	率
中级	车	法院
中美	关系
中老年	人
中英	文
中药	材
中西	部
中资	银行
中超	联赛
中部	地区	崛起
中金	公司
中间	件	商	人	价
中餐	馆
丰	富	满	田	厚	收	盛	胸	台
丰台	区
丰富	多彩
串	口	联	门	行	串	通	号
临	时	床	近	走	沂	终	死	安
临床	研究	应用	表现	意义	试验	症状	医学
临时	工	文件	性
临沂	市
临界	点
丸	子
丹	麦	丹	东	阳	尼尔	田	尼	青
丹尼	尔	斯
为	什么	了	主	啥	何	你	止	此
为人	处世
为什	么
为何	如此
为您	提供	服务
主	要	题	动	任	席	板	机	力
主义	者
主人	公	翁
主任	医师	委员
主体	性
主力	军
主办	方	单位
主动	性	权
主城	区
主导	地位	产业	作用	产品
主席	团	台
主干	道
主打	歌
主持	人	会议
主教	练
主流	媒体
主管	部门	机关
主营	业务
主要	原因	内容	包括	用于	表现	领导	任务	问题
主题	曲	歌	公园	活动
丽	江	丽	水	娜	人	华	莎	娟
举	行	办	报	措	动	起	例	手
举世	瞩目
举报	电话	人
乃	至	是
久	久	违	远	等
么	么	样
义	务	乌	工	气	卖
义乌	市
义务	教育
之	后	前	间	一	类	外	中	所以
之所	以	在
之日	起
乌	龟	鸦	云	黑	龙	镇
乌鸦	嘴
乌龙	茶
乎	乎
乏	味	力
乐	趣	观	队	意	园	乐	器	坛
乒	乓
乒乓	球
乔	丹	治	木	峰
乖	乖	巧
乖乖	的
乘	客	坐	车	机	以	用车	着	法
乙	方	肝	烯	醇	级
乙肝	病毒	疫苗
九	月	点	江	个	龙	年	州	天
九个	月
九十	年代	九
九寨	沟
九月	份
九点	半
乞	丐	讨	求
也	是	许	有	不	就	会	要	没
也不	知道	可能	例外	愿
也会	有
也就	是说
也是	一种
也都	是
习	惯	俗	惯性	题	性	武	作	气
习惯	性
乡	镇	村	下	亲	土	里	政府	间
乡下	人
乡镇	企业
书	记	籍	面	店	中	写	法	房
书法	家
书面	形式
买	了	的	个	卖	入	房	家	到
买卖	双方	合同
买得	起
买房	子
乱	码	说	了	伦	世	收费	跑	来
乳	房	头	腺癌	液	沟	腺	业	品
乳腺	癌
乾	隆	坤
了	解	吗	一	新的	不起	一场	结	然
了一	场
了解	一下	自己
予	以
争	取	议	论	夺	吵	执	气	霸
争夺	战
事	情	件	实	业	故	物	务	项
事业	单位	部	发展	心
事件	发生
事务	所
事实	证明
事故	现场
二	是	十	人	手	级	次	期	楼
二个	月
二人	转
二分	之一
二十	多	五	四	世纪	八	二	岁	一
二年	级
二手	房	车
二期	工程
二次	开发
二百	五
二等	奖
二级	市场	缓存	域名
二维	码
于	是	此	丹	其	世	人	心	民
于是	乎
亏	损	本	钱	待	欠	得
云	南	集	云	雾	彩	中	飞	海
云南	省
互	联网	相	动	联	补	助	通	换
互动	性
互相	帮助
互联	网	互通	星空
互补	性
五	一	年	个	月	十	大	百	六
五一	节	期间	长假
五个	人	月	方面
五分	钟	之一
五十	万	年代	岁	多
五年	内	来	级
五彩	缤纷
五星	级	红旗
五月	天	份
五次	会议
五湖	四海
五百	万
井	下	喷	水	口	上	盖
亘	古
亚	洲	太	军	于	泰	当	麻	运
亚太	地区	区
亚洲	杯	国家	人	最大	区	第一
亚运	会	村
些	什么	许	钱
亟	待	需
亟待	解决
亡	灵	国
亢	奋
交	流	易	通	给	换	往	代	叉
交互	式
交付	使用
交出	来
交叉	口
交响	乐	曲	乐团
交响乐	团
交换	机
交易	日	所	量	市场	中心	平台	系统	成本
交汇	处
交流	平台	会	活动
交界	处
交警	大队	支队
交货	期
交通	事故	银行	工具	运输	部	局	费	厅
交通部	门
亦	可	有	是	不	庄	即	无	或
产	品	生	业	量	权	能	物	业发展
产业	链	化	发展	结构	集群	政策	基地	转移
产品	质量	线	价格	开发	设计	销售	出口	结构
产权	证	房
产生	影响
产能	过剩
产销	量
亨	利
亩	产
享	受	有	用	乐	誉	福
享受	生活
京	城	剧	东	都	津	师	沪	华
京东	方
亭	子
亮	相	点	度	丽	亮	了	出	剑
亲	自	爱	戚	亲	人	切	情	密
亲切	感
亲和	力
亲密	接触
亲朋	好友
亲民	党
亲眼	目睹	见
亲身	经历	体验
亵	渎
人	家	员	们	生	民	类	物	的
人与	人	自然
人世	间
人事	局	部	部门	处	变动
人事部	门
人人	都有
人体	艺术	健康
人力	资源	资本
人员	伤亡	名单
人和	事
人均	收入
人多	了
人大	代表	工作
人寿	保险
人居	环境
人工	智能	流产
人性	化
人情	味
人才	培养	市场	网	资源	队伍	招聘
人数	最多
人文	精神	关怀	景观
人是	谁
人来	说
人格	魅力
人死	亡
人民	币	政府	群众	法院	网	医院	日报	银行
人流	量
人物	形象
人生	观	目标	经历
人类	社会	文明	历史	学
人行	道
人说	话
人身	攻击	上	安全	自由
人道	主义
人都	知道
人际	关系	交往
亿	元	美	万	人	多	吨	股
亿万	富翁
什	么	么样
什么	时候	样	意思	呢	东西	叫	好	地方
什么叫	做
什么样	子
仁	兄	慈	义	爱	和
仅	仅	为	有	代表	提供	供	是	限于
仅供	参考
仅有	的
仅此	而已
仅限	于
仆	人	街
仇	恨	人	视	家
今	天	年	日	晚	后	儿	生	夜
今年	以来	初	夏天	春节
介	绍	入	意	质	于
介绍	一下	信
仍	然	在	是	有	旧	将	未	不
从	来	而	事	小	此	未	前	中
从业	人员	者
从头	开始
从来	没有
从此	以后
仓	库	位	储	促	鼠	皇
仔	细	细看	仔	猪
仔细	看	阅读
仕	途
他	们	的	说	是	在	人	就	妈
他们	将	俩
他和	她
他妈	的
他的	手	心
仗	义	着
付	款	出	费	钱	清	给	诸	账
付款	方式
仙	剑	子	女	人	境
仙人	掌
代	表	码	理	价	替	言	谢	号
代理	商	人	机构	公司	费
代表	团	性	作	大会	人物	处	队
代言	人
令	人	我	他	你	其	牌	狐
令人	满意	担忧	感动	震惊	吃惊	信服	羡慕	瞩目
令狐	冲
以	后	前	及	上	为	下	来	外
以上	学历
以下	简称	几点	内容
以为	自己
以及	其他
以至	于
仪	式	器	表
仪器	设备	仪表
仪表	盘
们	的	就
仰	望	慕	视	头	卧	天	起
仲	裁	有
件	事	好事	事情	数
件事	情
价	格	值	钱	位	款	差	高	为
价值	观	投资	取向	链	观念
价值观	念
价格	上涨	战	便宜	低	指数	走势	波动	表
任	务	何	意	何人	命	职	性	期
任何	人	时候	事情	东西	一种	地方
任务	栏	书
任意	球
任职	资格
份	额	子	上	量	儿
仿	佛	真	制	照	冒	效	造	古
企	业	图	业发展	鹅	划	稳	业界	盼
企业	家	文化	发展	管理	内部	集团	级	经营
伊	朗	利	人	始	布	藤	尔	犁
伊拉克	人
伊斯兰	教
伍	佰	德	兹
伎	俩
伏	击	在	笔	羲
伐	木
休	息	闲	假	克	眠	养	整	学
休息	一下	时间	室	日
休闲	娱乐	度假
众	多	人	生	神
优	势	秀	化	惠	质	点	先	雅
优先	级	考虑	发展	权
优势	产业	互补
优化	大师	设计	配置
优惠	政策	券	活动	价
优秀	人才	教师	作品	学生
优良	传统
优质	服务
优越	性	感
伙	伴	计	食	同
伙伴	关系
伙食	费
会	议	有	员	不会	在	计	被	让
会员	卡	资料	单位
会展	中心
会更	好
会计	师	准则	核算	学	报表
会议	室	精神	纪要	召开	记录	中心
伟	大	人	哥	业	岸
伟大	复兴
传	统	播	说	递	输	真	奇	来
传世	私服
传媒	集团
传感	器
传播	学
传教	士
传染	病	性
传真	机
传统	文化	媒体	节日	产业	观念	美德
传输	速率	速度
传递	信息
伤	害	心	感	口	痛	亡	人	痕
伤害	到
伤痕	累累
伦	敦	理	理学
伦理	学	道德
伪	装	造	君子	科学	劣	善
伫	立
伯	伯	爵	乐	父	格	母
估	计	值	算	价	量
伴	随	侣	奏	有	着	娘	郎	我
伶	俐
伸	手	出	展	出手	向	直	进	缩
伸出	手
伺	候	机
似	乎	的	地	有	水	火	是
似是	而非
但	是	我	在	他	也	却	由于	这
但不	能
但他	们	却
但对	于
但还	是
位	置	于	子	居	数	列	移	图
低	于	调	价	头	端	下	级	迷
低下	头
低价	位	股
低保	户
低收入	者
低音	炮
住	房	在	宅	院	宿	的	户	处
住宅	小区	区	楼
住宿	费
住房	问题	贷款
佐	证	藤	料	助
体	现	系	验	会	育	制	内	重
体制	改革
体力	劳动
体现	出
体积	小
体系	建设	结构
体育	馆	场	运动	课	中心	局	活动	锻炼
何	时	必	况	处	种	以	在	等
余	额	地	人	名	下	秋雨	年	震
余万	元
佛	教	山	法	祖	像	陀	经	如
佛山	市
佛教	徒
作	为	用	品	者	出	业	家	战
作为	一名
作出	决定
作品	内容	集
作弊	器
作息	时间
作曲	家
作风	建设
佟	大为
你	们	的	好	是	要	说	就	在
你不	是	在
你们	好
你好	啊	吗
你就	会
你想	要
你是	我	谁
你爱	我
你的	心	手	爱
你说	的	我	过
你还	会
佣	金	人	兵
佩	服	戴	带
佳	能	人	佳	作	丽	节	绩	肴
使	用	得	其	人	劲	我	命	之
使命	感
使用	者	作品	权	方法	前	寿命	情况	率
侃	侃
侄	女	子	儿
例	如	子	外	会	行	假	证	题
侍	卫	女	者	郎
侏	儒
供	应	电	给	货	水	求	需	热
供应	商	链	量
供求	关系	信息	发布
供电	局	公司
供货	商
供销	社
依	然	据	法	靠	旧	赖	照	托
依依	不舍
依法	行政	治国
依赖	性
侠	客	义
侥	幸
侦	查	察	探	破	测
侧	面	重	身	重点	目
侧重	点
侬	好
侮	辱
侵	犯	权	害	略	入	蚀	占	袭
侵权	行为
侵略	者
便	宜	是	于	利	携	会	捷	可
便利	店
便可	以
便宜	货
便携	式
促	进	销	使	成
促进	作用	会
促销	活动	员
俄	罗斯	国	语	方	军	文
俄罗斯	人
俊	杰	美	秀	男	朗	俏
俏	皮	丽
俗	称	话说	气	人	语	话	套
俗话	说
俘	虏	获
保	证	持	护	障	存	险	留	安
保修	期	卡
保值	增值
保健	品	食品
保养	品
保卫	战
保守	派
保定	市
保护	条例	自己	区	好	环境	作用	措施	膜
保有	量
保税	区
保荐	人
保证	金	其	书
保费	收入
保险	公司	业	费	资金	箱	金	合同	柜
保障	体系	机制	性	措施	制度
保鲜	膜
信	息	号	心	任	用	仰	箱	誉
信任	度
信心	十足
信息	化	技术	服务	系统	中心	网	安全	资源
信息网	络
信托	公司
信用	卡	证	社	体系	担保
信誉	度
信访	工作
俨	然
俩	人
修	改	复	正	理	订	建	炼	养
修改	器	稿
修正	案
修理	费	厂
修道	院
俯	视	瞰	身
俱	全	佳
俺	们	家
倍	感	数	受	的	增	以上	加	频
倒	是	霉	闭	在	下	塌	了	也
倒不	是	如
倒数	第二
倔	强
倘	若
候	选人	选	鸟	车	补
候选	人
倚	天
借	口	助	鉴	钱	用	款	此	着
借壳	上市
借款	人
借此	机会
倡	导	议
倡议	书
倦	怠	容
倩	碧	倩	影
倪	萍
倭	寇
债	务	券	权	主	市
债券	市场	基金
债务	人	重组
债权	人
值	得	班	钱	为
值得	一提	注意	关注	期待	信赖	一看
值班	室
倾	向	斜	听	诉	倒	城	注	心
倾向	性
假	如	期	设	装	日	冒	货	定
假冒	伪劣
偌	大
偏	偏	差	低	见	高	离	向	僻
做	好	了	到	出	的	法	什么	过
做一	些	次	名
做事	情
做作	业
做出	来
做大	做强
做好	准备	事
做得	好	更好
停	止	留	车	牌	电	在	机	下来
停下	来
停车	场	位	费
健	康	全	身	美	壮	脾	忘	儿
健康	发展	网	成长	教育	状况	快乐
健美	操
健身	房
偶	尔	像	然	们	遇	有	家	滴
偶像	剧
偶然	性
偷	偷	拍	懒	窥	袭	看	情	笑
偷偷	摸摸	的
偷着	乐
偿	还
傀	儡
傍	晚
傣	族
储	备	存	蓄	量	户	藏	运
储蓄	存款
催	眠	促	化	生
催化	剂
傲	慢	游	气	视
傻	逼	瓜	子	了	傻	笑	乎乎	蛋
傻傻	的
像	是	素	个	我	你	样	他	她
僧	人	侣
僵	尸	硬	局	化	持
儒	家	学	雅
儒家	思想
儿	子	童	女	时	歌	媳	科	媳妇
儿媳	妇
儿童	节	医院
允	许	浩
元	素	件	左右	旦	钱	人民币	宝	帅
元宵	节
兄	弟	妹	长	台
兄弟	姐妹	连
充	分	满	值	实	足	电	电器	当
充值	卡
充分	发挥	利用	体现	肯定	认识	考虑
充满	信心	活力	希望
充电	器
先	生	进	后	去	把	是	锋	前
先天	性
先行	者
先进	性	技术	单位	文化	个人	集体	事迹	典型
光	盘	明	驱	线	荣	芒	纤	滑
光大	银行
光学	变焦
光明	正大
克	服	隆	制	星	拉	斯	里	里斯
克拉	克
克服	困难
克里	斯
免	费	得	疫	除	税	去	不了	受
免疫	力	功能	系统
免责	声明
免费	下载	提供	电影	注册	赠送	使用	版	送
兑	换	现	美元	奖	付
兔	子	兔
兖	州
党	的	员	委	组织	中央	委书记	内	支部
党内	民主
党员	干部
党委	书记
党建	工作
党政	机关	领导
党组	织	书记
兜	兜	里	售	风
入	口	手	门	侵	住	学	选	市
入侵	者
入口	处
入场	券
入学	考试
入门	级
全	部	国	面	球	市	新	省	身
全体	员工	会议
全力	支持
全国	各地	人民	性	人大	统一	政协	最大	各大
全天	候
全家	人	福
全民	健身
全球	化	最大	通	经济	性	市场	第一	变暖
全部	内容
全面	发展	推进	提高	提升	落实	实施	推行	贯彻
八	卦	月	年	个	大	点	字	十
八一	队
八个	月
八十	年代
八月	份
八点	半
八路	军
公	司	布	开	告	里	平	园	路
公主	坟
公交	车	线路	公司
公众	人物	参与
公允	价值
公元	前
公共	服务	汽车	卫生	场所	交通	利益	财政	安全
公关	部
公务	员
公务员	法
公司	注册	治理	内部	法	业绩	生产	章程	成立
公园	里
公安	局	机关	部	部门	分局	厅	局长	民警
公安局	长
公安部	门
公平	竞争	正义	性	公正
公开	赛	发行	信	场合	招标	招聘	课	选拔
公文	包
公有	制
公正	性
公民	权利
公用	事业
公益	性	事业	活动	广告
公立	医院
公职	人员
公证	处
公路	建设
公里	处
六	个	月	年	大	点	级	十	七
六个	月
六十	年代
六合	彩
六年	级
六月	份
六点	半
兮	兮
兰	州	花	兰	德	蔻	芝
兰州	市
共	同	享	有	识	计	用	鸣	建
共产	党	主义	党员
共产党	员	人
共同	努力	发展	体	点	语言	富裕
共和	国	党
关	系	于	注	键	心	闭	机	联
关于	加强	开展	印发	中国	做好
关注	度	点
关联	交易	方	性
关节	炎	疼痛
关键	词	字	时刻	在于	技术	性	问题	因素
兴	趣	奋	起	建	业	致	旺	隆
兴业	银行
兴奋	剂	不已
兴趣	爱好
兵	力	团	器	种	营	法	马
兵马	俑
其	实	他	中	它	余	他人	次	间
其中	一位
其他	人	地方	国家	媒体	地区	行业	文章	品牌
其它	媒体	问题
具	有	体	备	有较强
具体	情况	要求	内容	问题	操作	方法	措施	工作
具有	良好	较强
典	型	范	礼	雅	故	籍	当
典型	案例
养	殖	成	老	生	活	护	老金	猪
养家	糊口
养成	良好
养殖	户	业	场
养老	金	保险	院
兼	职	容	顾	任	并	具	备	有
兼容	性
兽	医	人	王	药	性
内	容	部	存	心	地	涵	置	衣
内存	条
内容	均	包括
内心	世界
内蒙	古
内部	管理	控制	审计	结构
冉	冉
册	子
再	次	说	见	也	来	发	去	度
再也	没有
再来	一次
冒	险	出	充	着	牌	泡	昧	犯
冒险	岛
冗	余	长
写	的	了	作	得	出	着	下	真
写作	文
写出	来
写字	楼
写真	集
军	事	队	人	团	训	官	方	区
军事	行动	力量	演习	基地	训练
农	民	村	业	民工	产品	户	行	药
农业	部	生产	科技	局	银行	发展	税	机械
农业部	门
农家	乐
农村	经济	居民	地区	工作	基层	市场	人口	发展
农民	工	增收	收入	致富	负担
农牧	民	业
农田	水利
农药	残留
冠	军	心病	以	名
冠军	杯	联赛
冤	枉	家	案	魂
冥	冥	想	界	王
冥王	星
冬	天	季	瓜	日	眠	冬	至	梅
冯	小刚	巩
冰	箱	冷	雪	凉	冰	冻	川	块
冰箱	里
冲	突	动	击	着	洗	凉	进	刺
冲上	去
冲击	力	波
冲锋	枪
决	定	策	心	赛	不	议	战	定性
决不	能
决定	性	权	书
决策	者	层
况	且
冶	金	炼
冷	静	漠	却	水	淡	清	冻	战
冷冷	的
冷笑	话
冻	结	死	得	疮
净	利润	值	化	资产	土	额	水
凄	凉	惨	美	厉
准	备	确	备好	时	则	考证	入	妈妈
准备	好	工作	金
准备金	率
准确	性	率	度
凉	快	粉	爽	水	鞋	拌	茶	风
凋	零	谢	亡
凌	晨	乱	云	空	厉	辱	驾
减	少	肥	轻	小	弱	排	免	持
减免	税
减肥	瘦身	法	药
减速	机
凑	合	热闹	到	巧	齐	近
凛	冽
凝	聚	固	视	结	重	胶	望	神
凝聚	力
几	个	乎	天	点	年	次	十	张
几个	月	人	小时	方面	字	问题
几乎	没有	所有
几十	万	亿
几千	年	万
几句	话
几天	后
几年	前	来	的
几点	思考	钟
几百	万
凡	是	事	人	间	在	尘
凤	凰	姐
凤凰	卫视	网	城
凭	借	证	什么	着	空	啥	据
凯	旋	越	文	特	撒	迪	歌	子
凳	子
凶	手	猛	狠	残	悍	险	器	恶
凸	显	现	起	出
凹	凸	陷
出	来	现	去	口	了	发	差	台
出乎	意料
出入	境	口
出厂	价格	价
出厂价	格
出去	玩
出发	点
出口	企业	退税	量	商	日本	额	产品	商品
出口商	品
出国	留学
出境	游
出家	人
出席	会议
出来	混
出版	社	物	商	发行	业
出现	问题	故障	错误
出生	地	日期	年月
出租	车	屋	汽车	房
出货	量
出资	人
出门	在外
击	败	中	毙	球	打	倒	破	穿
函	数	授	件
刀	鞘	子	具	片	刀	锋	剑	刃
刁	难
分	析	钟	别	享	配	类	手	布
分会	场
分割	线
分区	表
分子	量
分布	式	图
分支	机构
分数	线
分期	付款
分析	师	方法	报告	仪	研究	家	法	问题
分泌	物
分类	信息
分辨	率	率为
分辨率	为
分销	商
切	实	换	割	成	除	断	忌	记
切入	点
切实	加强	可行	做好
切换	到
切身	利益
切除	术
刊	登	物	载	发	用	出
刍	议
刑	事	法	警	罚	侦	拘
刑事	案件	责任	拘留	诉讼	犯罪
划	分	算	过	定	出	拨	痕	船
列	表	入	车	出	为	举	宁	表中
列表	中
刘	翔	备	邦	先生	海	总	某	烨
刘德	华
刘晓	庆
则	是	会	在	为	表示	有	可以	可
则可	以
刚	才	刚	好	开始	来	从	到	毕业
刚出	生	道
刚刚	开始	好
创	新	造	建	业	作	意	办	立
创世	纪
创业	者	板	投资	园
创作	者
创办	人
创建	一个	活动	工作
创意	产业
创新	高	能力	精神	性	型	意识	发展
创造	性	出	力	条件	良好	价值	财富	者
初	步	中	期	级	始	恋	次	衷
初中	生	毕业
初始	化
初学	者
初恋	情人
初步	形成	研究
初级	阶段
删	除	掉	贴	帖	减	去
判	断	决	定	处	刑	罚	别
判决	书
判断	力
利	用	益	润	于	率	息	好	空
利害	关系
利息	税
利润	率	增长	总额	分配
利用	率	网络	效率
利益	集团	关系	冲突	分配
别	人	的	墅	说	扭	个	忘	再
别具	一格
别墅	区
别无	选择
别有	用心
刮	起	风
到	了	底	处	达	时	位	来	期
到哪	里去	去
到处	都是
到头	来
到底	是谁	谁
制	度	作	定	造	约	订	品	成
制作	人	方法	成	过程	工艺	者
制定	者
制度	建设	改革	化	创新	性
制片	人	方
制药	厂
制造	业	商	出	企业	者	厂	工艺	技术
刷	新	卡	牙	机	屏	子	刷	分
券	商
刹	车	那	那间
刹那	间
刺	激	客	杀	痛	猬	眼	耳	绣
刺激	性
刻	意	录	画	苦	盘	薄	在	度
刻录	机	盘
剂	量	型
剃	刀	头
削	弱	减	除
前	面	提	期	往	后	几天	途	景
前一	天
前三	季度	名
前两	天
前些	年
前几	天	年
前列	腺
前列腺	炎
前十	名
前提	条件
前期	工作
前段	时间
前瞻	性
前端	总线
前面	板
剑	客	桥	圣	法	侠	士	锋	术
剑桥	大学
剔	除
剖	析	面	腹
剖腹	产
剥	夺	削	离	皮	落
剧	情	本	中	组	烈	场	院	集
剧场	版
剧情	介绍
剩	下	余	饭
剩余	价值
剪	刀	辑	切	掉	裁	纸	了	头发
副	本	总	作用	教授	手	职	业	产品
割	肉	接	舍	裂	据	掉	断
剽	窃
劈	腿
力	量	度	气	争	求	学	图	挺
劝	说	我	阻	告	他	导	劝
办	法	理	公	事	学	好	案	证
办事	处	机构
办公	室	楼	厅	桌	用品	软件	大楼	司
办学	条件
功	能	夫	效	率	课	力	劳	底
功能	性	强大	区	障碍	键	模块
加	强	入	上	油	班	大	快	工
加上	去
加入	时间
加密	狗
加工	厂	企业	贸易	业	工艺	费
加强	管理
加快	发展	推进	建设
加油	站	啊	吧
加班	费	加点
加盟	商	店
加菲	猫
加速	度	器
务	必	实	工	农	求
务工	人员
劣	势	质
动	作	物	力	态	画	漫	手	员
动作	片
动力	学
动员	大会	会
动感	地带
动手	术	能力
动漫	产业
动物	园	性	防疫
动画	片
动脉	硬化
动脑	筋
动车	组
助	理	手	攻	学	力	教	阵	长
助学	金	贷款
努	力
努力	提高	工作	学习	实现	奋斗
劫	持	匪	难
励	志
劲	舞	儿	头	旅	松	爆
劲舞	团
劳	动	动力	务	累	工	资	尔	力
劳务	输出	费	派遣
劳动	者	力	合同	保障	法	关系	人民	局
势	力	头	必	利
勃	起
勇	气	敢	士	于	猛	者	夺
勉	强	励
勋	章
勒	索	令
勘	探	察	查	测
勘察	设计
募	集	捐
募集	资金
勤	奋	劳	快	于	勉
勺	子
勾	引	结	起	勒	选	搭	当	画
勿	扰
匀	称
包	括	含	装	子	包	裹	围	月
包头	市
包装	盒	袋	材料	机	设计
匆	匆	忙
匈	奴
匍	匐
匕	首
化	学	工	妆	解	肥	疗	身	石
化妆	品	师	水
化学	品	物质	成分	反应
化工	厂	产品
北	京	方	大	美	部	海	路	极
北京	市	大学	时间	人	奥运	地区	现代	站
北京市	场	民
北大	荒	青鸟
北方	人
北极	熊
北海	道
北部	湾
匪	徒
匮	乏
匹	配	马	敌
区	域	别	分	间	内	政府	县	委
区位	优势
区域	性	经济	合作	发展	市场
区委	书记
医	院	生	疗	学	药	师	保	学院
医学	院	专家	界
医疗	机构	保险	卫生	器械	服务	费用	费	保障
医疗费	用
医药	费	行业
医院	检查	治疗
匿	名
十	分	年	几	一	大	七大	二	五
十一	五	月	点	届
十七	大	岁
十万	元
十三	条	岁
十个	月
十九	世纪	日	岁
十二	月	点	条	岁	星座	生肖
十五	岁
十八	岁	条
十六	届	大	条	岁
十几	万
十分	钟	重要	之一
十四	岁
十多	年	岁
十字	路口	架	军	绣	星
十年	前	来	后
十月	份
千	万	年	里	元	古	金	人	千
千万	不要	别	不能	元
千千	静听	万万
千家	万户
千百	年
千里	之外	马
升	级	值	高	起	华	温	到	至
升学	率
升级	版	包	换代
午	饭	餐	夜	后	睡	休	觉	安
半	年	天	个	夜	个月	导体	月	岛
半个	月	小时	世纪
半山	腰
半年	报
半数	以上
半边	天
华	为	人	丽	硕	夏	东	南	北
华东	地区
华侨	城	华人
华北	地区
华南	虎	地区
华商	报
华夏	银行
华师	大
华强	北
协	议	调	会	助	商	作	同	定
协会	会长	会员
协议	书
协调	发展	性	机制
卑	鄙	微	劣
卓	越	著
卓越	网
单	位	独	纯	元	身	子	一	词
单位	领导
单元	格	测试
单向	收费
单方	面
单机	版	游戏
单片	机
单身	汉
卖	出	家	掉	给	点	场	的	淫
南	京	方	昌	宁	部	北	海	山
南京	市	大学	路	人	西路
南北	朝
南宁	市
南山	区
南开	大学
南方	人	周末
南昌	市
南美	洲
南通	市
博	客	士	弈	友	文	爱	得	时
博士	生	后	学位	论文
博大	精深
博客	圈	网	首页	文章	网站	群
博客网	站
博览	会
占	据	用	有	领	了	到	地	总
占地	面积
占有	率
占用	空间	率
卡	卡	片	通	巴	拉	号	车	尔
卡卡	西
卡尔	德
卡巴	斯基
卡片	机
卢	布
卧	室	底	铺	龙	床	室里	式
卧室	里
卫	生	星	视	士	冕	浴	队	兵
卫星	电视	发射
卫生	间	部	局	院	巾	部门	监督	纸
卫生部	门
印	象	度	刷	尼	证	章	制	记
印刷	厂	品
印度	人	洋
印花	税
危	险	机	害	及	急	难	房
危害	性
危机	感
危险	性	因素	品
即	使	可	将	便	时	是	为	刻
即将	到来	推出	来临	上市	结束
即时	通讯	通信
却	是	又	没有	不	在	被	有	也
却不	能	知道	是	知
却不知	道
却没	有
卵	巢	子	泡
卷	入	子	烟	发	轴	起	曲
卷烟	厂
卸	载	下	妆	任	掉
厂	商	家	房	里	长	区	子	方
厂家	直销
厄	运
厅	长	里	堂
历	史	程	经	来	时	史上最	代	年
历史	性	文化	悠久	学家	时期	记录	使命	人物
历史学	家
历年	来
厉	害	娜	声
压	力	缩	抑	迫	制	在	根	倒
压力	大
压缩	包	机	文件
厌	恶	倦	烦
厕	所	所里
厕所	里
厘	米
厚	道	度	重	厚的	实	爱	厚	望
厚厚	的
原	来	因	则	本	理	始	创	料
原产	地
原作	者
原则	性
原创	性	作品	文章
原单	位
原因	之一	分析
原始	森林
原子	弹	能
原料	药
原来	如此
原油	价格	期货
原理	图
原生	态
厦	门	门市	大	华
厦门	市	大学
厨	房	师	艺	房里	子	具	卫
厨房	里
厮	杀	守
去	年	了	看	过	吧	掉	做	找
去哪	里	儿
去年	同期	底
去死	吧	皮
去那	里
县	城	委	级	长	政府	级以上	市	委书记
县域	经济
县委	书记
县市	区
县级	以上	市
参	加	与	考	数	观	照	赛	展
参与	者
参加	活动	工作	会议	者	高考
参展	商	企业
参差	不齐
参考	文献	书	资料	价格
参观	者
参谋	长
参赛	者	选手
又	是	有	要	不是	不	能	在	一次
又一	次
又不	是	能
又何	必
又出	现
又可	以
又如	何
又是	一个
又称	为
叉	叉	车	子	烧
及	时	其	格	早	其它	各种	至	对
及其	它	应用	相关
及时	性
友	人	谊	好	情	善	们	邦	爱
友好	合作
友情	链接	提示	连接
友谊	赛
双	方	手	核	重	眼	击	向	双
双休	日
双子	座
双核	心
双眼	皮
双色	球
双飞	燕
双鱼	座
反	正	映	应	而	对	复	弹	馈
反垄断	法
反复	发作
反对	派	党	者	宪法
反应	速度	器	堆
反映	出
反腐	败
反馈	信息
发	展	现	生	表	布	挥	送	出
发信	息
发出	通知
发动	机
发型	师
发射	器
发展	趋势	战略	方向	前景	规划	空间	过程	阶段
发布	会	公告	时间	者	信息	系统	广告	日期
发帖	子
发扬	光大
发挥	作用
发明	专利	创造
发烧	友
发热	量
发现	自己	问题
发生	变化	什么	率	冲突	器	重大	爆炸	关系
发电	机	厂	机组	量
发电机	组
发病	率
发给	你
发自	内心
发行	量	人	价	股票	价格
发行价	格
发表	言论	评论	文章	声明	意见	论文	者
发言	人	权
发起	人
发达	国家	地区
发送	给	短信	邮件	者
叔	叔
取	得	消	代	决	出	胜	向	名
取得	联系	成功
取景	器
受	到	伤	不了	理	益	欢迎	损	过
受伤	了
受到	影响	限制
受害	者	人
受托	人
受益	者	人
受精	卵
受访	者
受贿	罪
受限	制
变	化	成	得	态	更	量	形	动
变化	情况
变形	金刚
变得	更加
变更	登记
变速	箱	器
变频	器
叙	述	事	利亚
叛	逆	徒	乱	变	军
叠	加
口	气	水	味	号	语	中	碑	袋
口口	声声
口头	禅
口服	液
口水	战
口腔	溃疡
口袋	里
古	代	老	典	人	城	怪	镇	巴
古今	中外
古典	音乐
古时	候
句	子	话	号	柄	句	型	式
另	外	一	一种	类	有	一半	一位	行
另一	方面	种	半	位	个人	方	边	面
另一方	面
另存	为
叨	叨
只	是	有	要	能	好	不过	会	需
只剩	下
只可	惜	以
只因	为
只是	个
只有	一次
只留	下
只看	到
只知	道
只能	用	看
只觉	得
只限	于
只需	要
叫	我	做	什么	人	声	了	着	道
召	开	唤	集	回	见
召开	会议
叮	嘱	当	咚	咛
可	以	能	是	惜	爱	怜	怕	见
可不	可以
可以	用	通过	看到	说是	看出	选择	使用	直接
可以买	到
可以用	来	于
可使	用
可信	度
可分	为
可口	可乐
可可	西里
可扩展	性
可持续	性
可比	性
可用	于	性
可能	性	出现	成为	发生	没有
可获	得
可行	性
可视	化
可达	到
可选	择
可靠	性
台	湾	风	北	阶	上	词	服	下
台北	市
台州	市
台式	机	电脑
台湾	人	地区	当局	问题	同胞	省	海峡
台资	企业
史	上	料	诗	书	实	学	记	册
史上	最
史学	家
右	边	键	手	侧	脚	翼	路	派
右上	角
右下	角
右键	菜单
叶	子	片	酸
号	码	称	召	线	楼	角	牌	段
号召	力
司	机	法	马	令	长	徒	司长	仪
司令	员	部
司法	机关	考试	解释	部	局	鉴定	行政	部门
司法部	门
司马	迁	懿
叹	息	了	气	口气	道
叼	着
吃	饭	了	完	过	得	点	药	亏
吃下	去
吃不	消	下	了
吃喝	玩乐
吃多	了
吃完	饭
吃饱	了
各	种	位	个	类	地	项	自	级
各个	方面	环节	国家
各位	朋友	领导
各区	县
各大	城市
各式	各样
各族	人民
各有	千秋
各界	人士
各省	市
各种	各样	形式	类型
各级	政府	领导	党委
各项	工作	指标
吆	喝
合	作	同	理	适	法	格	并	成
合伙	人
合作	伙伴	关系	社	协议	项目	者	建房	开发
合作方	式
合同	法
合唱	团
合影	留念
合格	率	证	者	产品
合法	权益	性	化
合理	性	利用	安排	化	使用
合肥	市
合资	公司	企业
吉	林	他	利	祥	田	它	尔	普
吉他	手
吉普	车
吉林	省	市	大学
吉祥	物
吊	带	顶	销	车	死	坠	装	牌
同	时	学	样	事	意	志	步	一
同一	天	种	首歌	条
同人	女
同仁	堂
同学	录	会	聚会
同性	恋
同情	心
同时	又	进行	使用	代
同比	增长
同济	大学
同班	同学
同类	产品	型
同行	业
同龄	人
名	字	称	单	义	人	片	为	牌
名字	叫
名牌	产品	大学
名胜	古迹
名誉	权
后	来	面	果	悔	台	天	期	者
后半	夜
后备	箱
后才	能
后期	制作
后来	者
后缀	名
吐	血	出	了	露	吐
向	上	前	往	我	你	下	来	他
吓	人	得	死	了	唬	到	坏	跑
吕	布
君	子	主	王	君	不见	臣
吝	啬
吞	噬	吐	下	并	咽	没	食
吞吐	量
吟	唱	诗
否	则	认	定	决
吧	主	台	唧
吨	位
吩	咐
含	有	量	义	蓄	糊	着	笑	泪
听	说	到	见	听	过	着	话	取
听不	懂	到	见
听我	说
听证	会
吭	声
吮	吸
启	动	用	示	发	蒙	迪	程	明
启动	仪式	项	盘
启示	录
吱	吱	声
吴	江	仪	国	刚	越	某	王
吵	架	醒	闹	了	吵	着	得
吸	引	收	引力	烟	取	纳	毒	附
吸引	力	人	住	外资
吸血	鬼
吹	牛	嘘	捧	过	风	得	着	响
吹风	机
吻	合	你	了	着
吼	吼	叫	道
呀	呀
呆	在	着	呆	子	滞	过	板	住
呆呆	的
呈	现	现出
呈现	出
告	诉	知	别	警	诫	上	终	状
告诉	记者	大家	自己	您
呐	喊
呕	吐
员	工	外
呜	呜	呜呜
呜呜	呜
呢	个	喃
周	末	围	五	一	六	期	边	日
周围	环境
周年	纪念	庆典
周期	性
周杰	伦
周正	毅
周边	地区	环境	国家
呱	呱
味	道	精	儿	觉	甘
呵	呵	呵呵	护	斥
呵呵	呵
呻	吟
呼	吸	吁	呼	叫	唤	声	应	喊
呼叫	中心	转移
呼吸	道	困难
命	令	运	名	中	题	苦	案	脉
命中	率	注定
命令	行
咀	嚼
咆	哮
咋	样	个	办	回事
和	谐	你	我	他	平	她	尚	讯
和平	统一	发展	区
和谐	社会	发展	相处
咒	语	骂
咔	咔	嚓
咕	咕	噜
咖	啡	喱
咖啡	馆	厅	店	色	因
咚	咚
咧	嘴
咨	询
咨询	机构	服务	公司	电话	师	顾问
咩	咩
咪	咪
咫	尺
咬	牙	着	人	了	住	伤	死
咯	咯
咱	们	俩	家
咳	嗽	咳
咸	阳	菜	鱼
咽	喉	下
咿	呀
哀	伤	悼	求	怨	嚎	愁	叹
品	牌	种	质	味	位	尝	德	格
品牌	形象	机	价值	战略	建设	效应
哄	哄
哆	嗦	啦
哇	塞	哈哈哈	哇	靠
哈	哈	哈哈	哈哈哈	佛	利	市	马斯	珀
哈佛	大学
哈利	波特
哈哈	哈	哈哈	大笑
哈哈哈	哈
哈密	瓜
哈尔	滨
哈尔滨	市
响	应	起	了	亮	声	彻	当当
响应	时间
哎	呀	哟	呦	呀呀
哎呀	呀
哑	巴	铃
哗	哗	然	啦啦
哥	哥	们	特
哥们	儿
哦	哦	哟	哦哦
哦哦	哦
哨	兵
哪	里	个	些	儿	有	天	怕	位
哪一	天
哪个	国家	好	地方
哪些	人	方面	地方
哪里	去	人
哭	泣	着	声	得	闹	诉	过	喊
哮	喘
哲	学	学家	理	人
哲学	家
哺	乳	育
哺乳	动物	期
哼	哼	唧	着	了
哽	咽
唇	膏	边
唉	唉
唏	嘘
唐	山	朝	僧	代	诗	太宗	宋	笑
唐人	街
唐山	市
唔	系	知	好
唠	叨
唤	醒	起
唧	唧
售	价	后	票	前	出	楼	卖	房
售后	服务
售楼	处
售票	员	处
唯	一	有	美	独	恐
唱	歌	片	的	得	着	出	功	响
唱片	公司
唱的	歌
唾	液	弃	沫
商	品	业	务	量	家	场	店	标
商业	银行	化	模式	地产	街	贿赂	性	用途
商务	部	局	人士	厅	中心	车
商品	房	住宅	价格	住房	化	市场	经济
商标	注册
商用	车
啊	啊	啊啊啊	啊啊	哈	呀	哟
啊啊	啊啊	啊
啊啊啊	啊
啤	酒
啤酒	节
啥	子	时候	意思	事	样	时
啥时	候
啦	啦啦	啦
啦啦	啦	队
啧	啧
啪	啪
喀	什	嚓
喂	养	奶	喂	食
喃	喃
善	良	于	意	待	恶	后	款	用
喇	叭	嘛
喉	咙	舌
喊	着	道	了	出	叫	话	声
喔	喔
喘	息	气	着
喜	欢	爱	悦	剧	好	庆	酒	事
喜剧	片
喜欢	你	吃	听	什么	自己
喝	酒	水	茶	点	完	彩	多了	醉
喝多	了
喝醉	了
喧	嚣	闹	哗
喵	喵
喷	出	射	雾	泉	涂	洒	嚏	漆
嗅	觉	到
嗓	子	音	门
嗖	嗖
嗜	好	血
嗡	嗡
嗬	嗬
嗯	嗯	啊
嗷	嗷
嘀	咕
嘈	杂
嘉	宾	兴	实	年华	定	华	禾	嘉
嘉兴	市
嘎	嘎
嘘	声
嘟	嘟	囔
嘱	咐
嘲	笑	讽	弄
嘴	里	巴	唇	角	上	边	脸	硬
嘶	哑
嘹	亮
嘻	嘻	哈	嘻嘻
嘻嘻	嘻	哈哈
嘿	嘿	咻
噢	噢
器	官	材	件	械	具	皿	物	重
器官	移植
噩	梦	耗
噪	音	声	点
噱	头
嚎	叫
嚣	张
嚷	嚷	着
囊	括	肿	中
囚	犯	禁
四	川	个	年	大	处	周	是	十
四个	人	字	月
四人	帮
四分	之
四十	岁	五
四大	天王
四季	度
四川	省	人	大学
四年	级
四月	份
四面	八方
回	来	家	去	答	复	到	忆	头
回到	家
回味	无穷
回复	日期
回头	看
回家	过年
回忆	录
回报	率
回收	站
回来	吧
回答	问题
因	为	此	素	而	子	其	您	果
因为	那	爱
因果	关系
因素	分析
囡	囡
团	队	体	结	购	长	伙	员	委
团团	转
团结	起来	一致
团队	精神
囤	积
园	区	林	地	子	艺	内	丁	中
园林	绿化
困	难	扰	惑	境	死	在	苦	局
困难	群众	群体	重重
围	绕	着	棋	墙	观	巾	攻	城
固	定	然	执	有	体	件	话	化
固定	资产	电话	不变	利率
国	家	内	际	外	产	庆	内外	人
国产	手机	化	品牌	车
国企	改革
国内	外	市场	企业	最大	知名	著名
国务	院	卿
国土	资源	局
国奥	队
国家	队	级	安全	标准	规定	利益	机关	政策
国庆	节
国有	企业	资产	银行	股	资本	经济	土地
国民	党	经济	政府
国税	局
国美	电器
国营	企业
国资	委
国防	部	部长	生
国防部	长
国际	化	市场	社会	贸易	米兰	标准	性	机场
图	片	像	标	书	形	案	纸	表
图书	馆
图像	处理
图形	化	界面
图文	版
圆	满	形	通	圆	润	滑	圈	弧
圆圆	的
圆满	完成	结束	成功
圈	子	圈	内	套	钱	里	中	地
土	地	豆	壤	匪	建	著	人	木
土地	利用	资源	储备	供应	出让	承包	开发	管理
土木	工程
土豆	网	丝
圣	诞	经	人	火	地	洁	斗士	骑
圣诞	节	老人	快乐	树
圣骑	士
在	线	于	家	此	这	我	哪	内
在一	家	次
在乎	你
在床	上
在我	心
在新	的	窗口
在校	生	学生
在此	之前
在线	观看	人数	服务	看	播放
在这	方面	一
地	方	址	区	位	图	说	点	震
地下	室	水	城
地产	股	商
地区	性
地址	栏
地方	政府	性	财政	特色	经济
地狱	火
地球	人
地理	位置	环境
地税	局
地质	灾害
地铁	站
地震	局
场	景	面	所	地	比赛	合	上	馆
均	为	匀	衡	可	有	价	线	由
坊	间
坍	塌
坎	坷
坏	人	事	蛋	话	处	死	掉	坏
坐	在	着	车	标	下	了	坐	到
坐下	来
坐标	系
坑	内	里
块	钱	状
坚	持	决	强	定	实	信	守	固
坚决	反对
坚持	不懈	到底	走
坛	子
坛子	里
坝	上
坟	墓
坠	落	入	毁	楼
坡	度
坦	克	言	白	然	诚	率	承	荡
垂	直	下	钓	涎	青
垃	圾
垃圾	邮件	桶	股	箱	处理	堆	场
垄	断
垄断	行业	性
型	号	基金	企业	材	男	式	糖尿病
垫	付	子	底
垮	塌	台	掉
埃	及	尔
埋	怨	在	头	伏	葬	下	藏	单
城	市	镇	区	乡	里	管	堡	墙
城中	村
城乡	居民	规划	统筹
城市	建设	里	化	规划	居民	发展	管理	群
城管	执法
城里	人
城镇	居民	化	职工
域	名
域名	交易	注册	解析
培	训	养	育	植	根
培养	学生	出	基	孩子	人才
培育	出
培训	班	中心	机构	工作	师	基地	学校	课程
基	本	金	础	于	地	层	因	站
基准	利率
基因	组
基地	建设
基层	干部	组织	单位
基本	上	面	原则	情况	要求	完成	功	原理
基本功	能
基督	教	徒
基础	设施	知识	性	教育	研究	建设	理论	工作
基金	会	公司	经理	管理	投资	净值	业
堂	堂	课	弟	哥	主
堆	积	放	栈	里	满	砌
堕	落	胎	入
堡	垒
堤	防
堪	称	忧	比
堵	车	塞	住	在	截
塌	陷	方	实
塑	料	造	胶	像	性	身
塑料	袋	制品
塔	楼
塘	沽
塞	进	尔	满	班	车	到	外	黑
塞尔	维亚
填	写	充	补	报	入	表	好	满
填报	志愿
境	界	内	外	地	遇	况	内外
境内	外
境外	投资
墓	地	碑	葬	穴
墙	上	壁	面	角	体	纸	头	边
增	加	长	强	多	大	值	添	幅
增值	税	服务	业务
增加	值
增长	率	速度	点	幅度	方式
墨	盒	水	镜	迹	子
壁	纸	画	垒	虎	上
士	兵	气	大夫	官
壮	大	观	丽	族	士	阳	举	烈
声	音	明	望	称	卡	誉	响	中
声势	浩大
声明	者
壳	子	牌
处	理	于	罚	女	在	处	置	长
处处	长
处女	座	膜	作
处方	药
处理	器	方法	能力	方式	结果	问题	意见	技术
备	份	案	注	用	受	战	件	课
备忘	录
备用	金
复	杂	制	习	活	合	旦	印	兴
复制	到
复印	件	机
复合	材料	型	肥
复旦	大学
复杂	性	度	化
复活	节
夏	天	季	日	普	雨	新	利	侯
夕	阳
外	面	国	地	观	部	资	界	贸
外交	部	官	政策	部长
外交部	长
外出	务工
外包	装
外商	投资
外国	人	语	公司	企业
外地	人
外婆	家
外星	人
外来	人口	工	人员
外汇	储备	市场	交易
外甥	女
外科	手术
外观	设计
外贸	公司	出口	企业
外资	企业	银行	并购
外部	环境
多	少	了	个	次	年	久	种	么
多元	化
多喝	水
多多	少少
多姿	多彩
多少	钱	人	次	级	时间	分	天
多尔	衮
多层	次
多年	来	前	以后
多得	多	是
多数	人
多方	面
多样	化	性
多用	途	户
多种	形式	多样	方式
多边	形
多长	时间
夜	晚	里	间	色	班	空	宵	景
够	用	呛	不够	大	多	狠	快
大	家	学	概	量	部分	盘	小	陆
大专	院校
大个	子
大中	型	城市	专	华
大中华	区
大事	记
大人	物
大众	化	汽车
大伙	儿
大体	上
大使	馆
大元	帅
大公	司
大兴	区
大力	发展	支持	推进	开展	加强
大半	天
大卖	场
大发	展
大可	不必
大吃	一惊
大哥	哥	大
大唐	电信
大嘴	巴
大地	震
大型	企业	活动	超市
大多	数	数人
大多数	人
大大	提高	小小
大头	贴
大奖	赛
大姐	姐
大姨	妈
大字	报
大学	生	毕业	城	里	生活	教授	同学	校园
大学生	活
大家	好	一起	分享	都是	庭	看	看看	都来
大家看	看
大将	军
大小	姐	写	便
大屏	幕
大市	场
大师	兄	级	赛
大幅	度	增长
大开	眼界
大忙	人
大户	型
大手	笔
大打	折扣	出手
大批	量
大方	向
大明	星
大有	人在	可为
大本	营
大气	层	污染
大汗	淋漓
大江	南北	网
大河	网
大法	官	弟子
大清	早
大热	天
大熊	猫
大牛	市
大理	石
大白	菜	天	云
大盘	股
大眼	睛
大石	头
大礼	包
大肚	子
大肠	杆菌
大街	小巷
大观	园
大话	西游
大连	市	实德
大道	理
大部	分	队
大都	市
大门	口
大队	长
大陆	人
大黄	蜂
天	天	涯	气	津	下	空	使	堂
天上	人间	掉
天下	第一	人	无敌
天之	内
天地	间
天天	向上
天安	门
天文	学家	学	台	数字
天文学	家
天气	预报
天河	区
天津	市	港	队	大学
天涯	杂谈	路	社区	海角
天然	气
天秤	座
天花	板
天蝎	座
太	多	阳	大	好	高	少	太	小
太原	市
太多	的
太大	的
太少	了
太平	洋	天国
太极	拳
太行	山
太阳	能	系	镜	队	穴	光	神
夫	妻	人	妇	斯基	子	君
夫妻	双方	之间	关系	生活
夭	折
央	视	行	企	求
央视	春晚
夯	实
失	败	去	望	误	业	踪	眠	落
失业	率	保险	人员
失地	农民
失恋	了
失败	者
头	发	像	上	脑	疼	痛	部	顶
夸	张	奖	大
夹	杂	在	着	子	克	层	击	缝
夺	冠	得	取	走	回	目	去	金
奇	怪	迹	瑞	妙	特	异	幻	虎
奈	何
奉	献	行	劝	命	上	贤	为	承
奉献	精神
奋	斗	力	战	进	起	勇
奋斗	目标
奏	效	响
契	机	约	税	合	丹
奔	驰	跑	波	腾	放	赴	向	走
奖	励	金	项	品	牌	杯	惩	章
套	装	餐	房	牢	件	路	利	现
奠	定	基
奢	侈	华	望	求
奢侈	品
奥	运	迪	斯卡	巴	秘	尼尔	山	妙
奥特	曼
奥运	会	火炬	圣火	冠军	场馆
女	人	孩	儿	生	性	子	朋友	孩子
女主	角	人	播
女主人	公
女人	味	是
女孩	子	儿
女性	朋友	化
女生	宿舍
奴	隶	才	役	婢
奶	奶	粉	妈	牛	茶	油	酪	子
奸	商	诈	笑	淫
她	们	的	说	是	也	不	家	的手
她的	手
好	像	的	了	好	多	久	吧	看
好不	好	容易
好久	不见	没有
好几	次	天	百
好办	法
好地	方
好多	人
好奇	心
好好	学习	好	玩
好学	生
好心	人	情
好想	你
好意	思
好文	章
好玩	的
好男	人	儿
好看	吗
好莱	坞
好象	是
好运	气
如	果	何	此	下	今	同	有	意
如下	图
如何	处理	才能	去	看待	进行	解决	使用	将
如何做	好
如是	说
如有	问题
如此	之	多	一来	这般
妃	子
妄	想	图
妆	容
妇	女	人	科	联	产科	幼
妇女	儿童
妇科	病
妈	妈	咪	呀
妊	娠
妊娠	期
妒	忌
妓	女	院
妖	精	怪	妖	娆	艳	魔	孽
妖魔	化
妙	用
妞	妞
妥	协	善	当
妥善	处理	解决
妨	碍
妩	媚
妮	妮	子	可
妹	妹	子	夫
妻	子	儿
姊	妹	姊
始	终	于	建	祖	发	末
始终	保持	坚持
姐	姐	妹	夫	弟	们
姐弟	恋
姑	娘	姑	且	妈	父
姓	名	氏	王	张
委	托	员	屈	托人	婉	书记	派	任
委员	会	长
委托	人	书
姗	姗
姚	明	麦
姜	文
姥	姥	爷
姨	妈	夫
姻	缘
姿	势	态	色
威	胁	力	海	尼斯	望	廉	严	风
威尔	士	斯
威海	市
娃	娃	哈哈	儿	子
娃娃	脸
娄	底
娇	小	娇	嫩	艳	气	羞	媚	妻
娘	娘	子	家
娘娘	腔
娜	娜
娟	娟	子
娱	乐
娱乐	圈	八卦	场所	节目	性	活动	新闻	界
娴	熟
娶	了	你	个	她
婀	娜
婆	婆	娘	家	媳	娑
婆婆	妈妈
婉	转	约	儿	拒
婊	子
婚	姻	礼	纱	后	前	庆	宴	事
婚姻	生活	状况	法
婚纱	照	摄影
婴	儿	幼儿
婶	婶
婷	婷
婺	源
媒	体	介	人	婆
媒体	报道
媚	笑	眼	俗
媛	媛
媲	美
媳	妇
嫁	给	人	了	接	给我	妆	个	出去
嫁给	我	你
嫂	子	嫂
嫉	妒
嫌	疑	弃	犯
嫌疑	人
嫖	娼	客	妓
嫣	然
嫦	娥
嫩	嫩	肤
嬉	戏	笑
嬷	嬷
子	女	宫	公司	弹	孙	系统	弟	宫内
子孙	后代
子宫	内	颈
孔	子	雀	明
孔子	学院
孕	妇	育	期
字	母	体	段	符	幕	节	典	样
字幕	组
字符	串	集
存	在	储	档	款	放	货	折	钱
存储	空间	卡	器	过程	设备
存在	问题
存款	利率
孙	子	悟空	中山	燕姿	悦	女	俪	权
孙子	兵法
孝	顺	敬	心	子	感
孟	子	买
孢	子
季	节	度	报	军	风
季节	性
孤	独	单	儿	立	寂	岛	舟	身
孤儿	院
学	校	生	习	院	会	者	术	科
学习	贯彻	成绩	者	方法	能力	英语	过程	班
学位	证
学历	教育
学士	学位
学术	界	研究	交流	论文	会议
学校	里	教育	领导
学生	会	证	家长	学习	进行	时代	宿舍	票
学科	建设
学院	院长	路
孩	子	童	儿
孩子	气
孵	化
孵化	器
宁	波	愿	静	夏	可	宁	德	海
宁波	市
它	们	的	是	就	还	将	也	不
宅	基地
宇	宙	文	春	航
宇航	员
守	护	着	候	卫	住	望	在	则
守护	神	者
守望	者
守门	员
安	全	装	排	静	慰	徽	心	置
安乐	死
安全	性	生产	感	隐患	问题	套	卫士	管理
安全性	能
安安	静静
安德	鲁	森
安徽	省
安排	好
安监	局
安装	程序	包	盘	过程	文件	目录	完
宋	代	祖德	朝	体	江	丹丹	词
完	成	全	善	美	了	整	毕	蛋
完全	可以	不同	没有	相同	免费
完成	任务	情况
完整	性	版
完美	世界
宏	观	伟	大	基	达	碁	远	图
宏观	调控	经济	政策
宗	教	旨	师	族
宗教	信仰	政策
官	方	员	网	兵	司	僚	场	府
官僚	主义
官方	网站	论坛
宙	斯
定	义	位	期	制	价	了	时	向
定价	权
定向	增发
定时	器
定期	存款	检查
宛	如	若
宜	家	昌	宾	兴	人	春	居
宜昌	市
宝	宝	贝	石	贵	马	钢	玉	典
宝安	区
宝贝	儿
宝贵	意见
宝钢	股份
宝马	车
实	现	在	际	施	行	力	践	验
实业	公司
实习	生
实体	店
实例	化
实力	派	雄厚
实名	制
实在	太
实效	性
实施	方案	细则	办法	意见	过程	情况
实时	监控
实木	地板
实用	性	技术	主义
实质	性
实践	经验	活动	证明	能力
实际	上	情况	行动	操作	工作	问题	应用	控制
实验	室	研究	小学	中学	性	教学	学校	班
宠	物	爱	儿	坏
审	核	批	计	查	议	判	美	理
审批	手续	程序	表
审美	观	疲劳
审计	工作	报告	机关	署	局	人员
客	户	人	气	观	服	厅	场	车
客厅	里
客家	人
客户	端	提供	服务	机	群	经理	需求	资源
客服	中心	电话	人员
客流	量
客观	存在	规律	性
客运	站	专线
宣	传	布	称	告	扬	言	泄	判
宣传	部	活动	教育	工作	片	资料	单	部长
宣传部	长
宣武	区
宣讲	会
室	内	友	外	温	主任	里
室内	设计	空气
宦	官
宪	法	政
宫	廷	殿	颈	女	中	里	内
宫颈	糜烂	癌
宰	相	杀
害	怕	羞	死	得	人	我	虫	处
宴	会	请	席
宵	夜
家	里	庭	人	长	伙	族	具	乡
家常	菜
家庭	成员	教育	生活	主妇	暴力	影院	经济	收入
家政	服务
家族	企业
家用	电器
家电	连锁
家里	人	面
家门	口
容	易	量	器	忍	纳	貌	颜	许
容易	引起
容积	率
宽	带	容	度	屏	松	敞	大	广
宽带	上网	接入
宾	馆	客	得	利	语
宿	舍	命	迁	主	州
宿舍	楼
寂	寞	静	寥
寄	托	出	给	到	来	予	生	送
寄存	器
寄生	虫
密	码	切	度	集	封	友	钥	云
密切	相关	关注	配合	联系
密密	麻麻
密码	保护
密集	型
富	有	裕	人	豪	贵	士	含	翁
富士	康	通	山
富豪	榜
寒	冷	假	风	冬	冰	意	暄	心
寓	意	言	所
寝	室
察	觉	看
寡	妇	人	头
寥	寥
对	于	方	象	了	我	不起	手	应
对不	起	住	上
对他	说
对你	说
对冲	基金
对外	开放	贸易	投资	宣传
对她	说
对我	说
对手	戏
对抗	赛
对比	度
对照	组
对立	面
对策	研究
对话	框	框中
对话框	中
对账	单
寺	庙	院
寻	找	求	常	觅	思	宝	访	呼
导	致	演	入	师	航	游	弹	出
导航	系统	键
寿	命	险	司	星
封	闭	面	装	建	锁	杀	信	了
封建	社会	迷信
封闭	式
射	击	门	手	精	频	线	出	程
射手	座
将	会	来	在	其	军	于	成为	近
将成	为
将达	到
尊	重	敬	严	贵	称	崇	者
尊重	网上
小	时	心	说	姐	孩	区	学	组
小东	西
小丫	头
小人	物
小伙	子	伴
小儿	子	科
小兔	子
小可	爱
小型	车	机
小城	镇	市
小天	使	鹅
小女	孩	生	人	子	儿
小妖	精
小妹	妹
小姑	娘
小姨	子
小学	生	教师	毕业
小孩	子	儿
小宇	宙
小宝	宝	贝
小家	伙	电
小小	的	年纪	罗
小工	具
小布	什
小康	社会
小弟	弟
小心	点	眼	谨慎
小数	点
小时	候	侯
小燕	子
小牛	队
小狼	毫
小猪	猪
小猴	子
小王	子
小生	意
小白	兔	脸	鼠	菜
小盘	股
小红	帽
小组	赛	成员
小美	女
小胖	子
小蜜	蜂
小说	家
小道	消息
小青	年
小额	贷款
小马	哥
小高	层
小鱼	儿
小鸡	鸡
小麦	价格
小龙	女	虾
少	年	女	数	量	见	许	爷	有
少年	儿童
少数	民族	人
少林	寺
少男	少女
尔	斯	森	迪	德
尖	叫	锐	端	尖	刀	峰	叫声
尖叫	声
尘	埃	土	世	封	缘
尚	未	有	无	可	且	在	书	需
尝	试	尝	到	过
尤	其	为	文	以	物	纳斯
就	是	会	要	像	在	算	能	行
就不	是
就业	率	机会	服务	岗位	问题	压力	形势	援助
就会	有	出现
就像	是
就在	这	这里
就在这	里
就够	了
就好	象
就是	这样	那个	指	爱
就有	了
就让	我	你
尴	尬
尸	体	检	骨
尺	寸	度	码	子
尼	康	姑	亚	龙	斯	奥	克	采
尼克	松	斯
尼尔	森
尽	管	量	快	可能	力	情	头	早
尽心	尽力
尽管	如此
尽职	尽责
尽量	避免
尾	巴	盘	声	部	气	随	市	数
尿	素	道	尿	液	布	频	酸
局	面	长	部	限	势	局长	方	里
局部	地区
局限	性
屁	股	眼	屁	话	事	用
层	次	面	层	楼	级	高
层次	感
居	然	民	住	多	委会	室	士	家
居住	区	地	证	环境
居民	消费	区	收入	楼	生活
屈	服	原	辱
届	时	满	人大
屋	里	子	顶	企	内	檐	外	面
屋子	里
屏	幕	蔽	障	保	风
展	示	开	现	览	会	出	望	厅
展示	出
展览	会	馆
属	于	性	实	下	地	相
属于	自己
屠	杀	夫	宰	龙
屠宰	场
屡	屡	次
履	行	历	约
履行	职责
山	东	西	上	区	水	顶	庄	路
山东	省	人	大学	鲁能
山水	画
山海	关
山脚	下
山西	省
屹	立
岁	的	月	时	以上	数	以下	左右	少女
岂	不是	不	能	是	知	止
岂不	是
岐	阜
岗	位
岗位	职责
岛	上	屿	内	国
岩	石	浆
岭	南
岳	飞	阳	母	父
岷	江
岸	边	上	线
峡	谷
峨	嵋
峭	壁
峰	会	值
崂	山
崇	拜	高	尚	敬	明	祯
崎	岖
崔	健
崛	起
崩	溃	盘	塌
崭	新
嵌	入	套
嵌入	式
嵩	山
巅	峰
巍	峨	巍
川	菜	大	西	崎
州	长	政府
巡	逻	视	查	回	演	检	展	警
巡回	赛
巡航	导弹
巡视	员
巢	湖	穴
工	作	程	资	具	业	厂	人	艺
工业	化	区	园	园区	企业	大学	设计	经济
工业园	区
工人	阶级
工会	组织	主席
工伤	保险
工作	人员	室	量	者	经验	会议	日	组
工作流	程
工具	栏	条	箱	软件
工商	银行	局	部门	管理	联	所	业
工学	院
工程	师	建设	项目	技术	施工	部	机械	质量
工程学	院
工艺	品	技术	美术	流程
工薪	阶层
工资	卡	水平	收入	待遇	总额	单
左	右	边	手	侧	脚	路	岸	派
左上	角
左下	角
左侧	排名
左右	为难
巧	妙	合	遇
巨	大	头	额	人	星	资	型	蟹
巨大	变化
巨蟹	座
巩	固	俐
巫	师	婆	山	术
差	不多	距	异	点	别	价	额	错
差异	化	性
差旅	费
差点	儿
己	任	经	方
已	经	有	被	是	达	在	成	久
已经	很
巴	西	黎	萨	士	掌	乔	巴	不得
巴拉	克
巴斯	滕
巴蒂	尔
巴西	队	人
巷	子
巾	帼
币	种
市	场	民	区	长	政府	委	值	内
市场	经济	化	份额	竞争	部	需求	价格	营销
市场价	格	值
市委	书记	常委
市政	府	协	工程
市民	政局
布	局	置	什	线	满	衣	朗	料
布什	总统
布拉	格
布鲁	斯	塞尔
帅	哥	气	帅
帆	船	布
师	傅	兄	父	生	姐	范	弟	妹
师范	大学	学院
希	望	腊	捷	尔	冀
希尔	顿
希望	大家	能够	工程	小学
帐	号	户	篷	目	务	单
帕	萨特	克
帖	子
帘	子
帝	国	王
帝国	主义	时代
带	来	着	动	有	领	给	宽	上
带回	家
带头	人
带着	孩子
带给	你
带薪	休假
席	位	卷	间	子	上
帮	助	我	忙	你	他	帮	她	帮忙
帮助	文件	别人	学生
帮帮	忙
帷	幕
常	常	见	用	规	识	州	年	务
常务	会议	理事
常委	会
常州	市
常见	病	问题
常规	赛
帽	子
幅	度	画
幌	子
幕	后	墙	布
干	嘛	什么	吗	部	净	啥	脆	活
干扰	素
干部	职工	群众	队伍
平	台	时	均	衡	静	等	常	安
平均	水平	值	工资	价格	分	气温	数	年龄
平安	夜
平常	心	人
平平	淡淡	安安
平方	米	公里
平板	电视
平民	百姓	化
平滑	肌
平行	线
平衡	点
平面	设计	图	媒体
年	轻	龄	代	度	前	的	底	纪
年产	值
年代	初	末	以来
年均	增长
年底	前
年度	最佳	报告	中国	考核
年月	日
年终	奖
年轻	人	一代	化
年龄	段
并	且	不	不是	非	在	未	将	购
并不	是	代表	会	多	知道	一定	像	难
并发	症
并将	其
并非	如此
幸	福	运	好	亏	免	存
幸存	者
幸福	生活	感
幸运	星	儿
幻	想	觉	影	化	象	灯	灭	境
幻灯	片
幼	稚	儿	小	年	女	虫	苗	齿
幼儿	园
幽	默	灵	幽	暗	静	雅	怨	香
幽默	感
广	告	州	东	大	泛	场	西	播
广东	省	人	话
广发	证券
广告	公司	位	主	牌	语	商	费	宣传
广大	群众	用户	人民	党员	客户
广州	市	本田	人	日报	车展
广播	电视	电台
广泛	应用	开展
广电	总局
庄	家	严	园	子	稼	重	村	主
庆	祝	幸	典	贺	生	功
庆祝	活动
庇	护
床	上	头	单	边	垫	位	前	戏
床上	用品
床头	柜
序	列	号	幕	言	曲
序列	号	化
庐	山
库	存	房	区	里	中	尔德
应	该	用	当	对	付	聘	有	急
应变	能力
应对	措施
应届	生
应当	按照
应急	预案	救援
应收	账款	款
应用	程序	软件	系统	研究	领域	技术	前景	层
应聘	者
应试	教育
应该	可以	做	注意	如何	用	怎么	怎样
底	部	下	线	层	盘	座	价	子
店	铺	里	面	主	员	内	长	家
庙	会	里	宇
庞	大
废	话	物	墟	除	弃	水	了	纸
废弃	物
度	过	假	量	数	日
度假	村	区
座	位	椅	谈	机	城市	席	山	充
座谈	会
庭	院	审	前
康	复	熙	佳	师傅	德	康	桥	乐
庸	俗
廉	价	政	租房	洁	耻
廉政	建设
廉洁	自律
廊	坊
延	续	长	伸	迟	期	安	时	误
延伸	至
延缓	衰老
延长	线
建	议	立	设	筑	成	行	造	材
建国	门	以来	后
建材	市场
建立	健全	自己
建筑	物	面积	师	业	工程	设计	材料	节能
建议	您	书
建设	项目	部	工程	用地	银行	性	单位	局
开	始	发	心	展	放	会	通	车
开关	电源
开发	商	区	人员	者	出	利用	建设	票
开场	白
开始	做	实施	菜单	使用
开展	工作	业务
开工	建设
开幕	式
开庭	审理
开开	心心
开心	就好	果
开户	行
开拓	者	创新	市场
开放	式	性
开源	软件
开盘	价
开车	去
开门	红
开题	报告
异	常	性	地	议	样	步	乡	味
异性	恋
弃	权
弄	得	个	好	到	成	清	错	点
弊	端	病
式	样
弓	箭	虽	手
弓箭	手
引	起	用	导	发	进	擎	入	领
引导	学生
引用	通告
引进	外资
弗	雷	兰
弗兰	克
弘	扬
弟	弟	子	兄	妹
张	学友	扬	靓颖	开	柏芝	杰	力	先生
张三	丰
张国	荣	立
张家	界	港	口
张震	岳
弥	补	漫
弦	乐
弧	线	形	度
弯	曲	腰	弯	路	道	下
弱	点	智	势	者	小	化	国	电
弱势	群体
弹	出	性	簧	药	指	琴	头	奏
弹出	窗口	一个	来
弹道	导弹
强	调	烈	大	化	势	度	制	奸
强制	性	执行	措施
强奸	了
强烈	要求	建议	推荐
强迫	症
归	来	纳	属	还	档	宿	结	于
归属	感	地
当	然	时	地	年	前	初	中	天
当上	了
当事	人
当今	世界	社会	中国
当代	中国	艺术
当地	政府	人	时间
当家	作主
当当	网
录	取	像	音	入	制	用	象	影
录像	带	机
录音	机	笔	带	室
彗	星
彝	族
形	成	式	象	势	态	容	状	体
形容	词
形式	主义	多样
形成	机制
形象	大使
彩	色	票	虹	信	电	铃	民	妆
彩虹	岛
彪	悍
彬	彬
彬彬	有礼
彭	宇
彰	显
影	响	片	子	像	视	院	音	迷
影响	力	因素
影视	剧	作品	圈
影评	人
彷	徨
彻	底	夜
彻底	解决
彼	此	岸	得	时
彼此	彼此
往	往	事	下	来	上	返	后	年
往前	走
征	收	服	集	求	途	地	婚	税
征求	意见
径	直
待	遇	机	会儿	定	在	着	人	到
待机	时间
很	多	好	快	大	难	少	有	久
很不	错
很严	重
很久	了	没有	以前
很多	人	人都	时候	事情	东西	次
很多人	都
很大	的
很好	的	看	听
很快	乐
很想	你
很早	就	以前
很有	可能	意思
很爱	你
很痛	苦
很重	要
很长	时间
很难	说
很高	兴
律	师	法
徐	州	徐	汇	工	克	总	明
徐州	市
徐汇	区
徒	弟	步	劳	手
徕	卡
得	到	了	多	知	以	很	出	分
得不	到
得到	什么
得很	好
得意	洋洋
徘	徊
徜	徉
御	用	姐	史	寒
循	环
循环	经济	系统
微	软	笑	微	妙	生物	型	波	弱
微微	一笑
微波	炉
微软	公司
微量	元素
德	国	国人	语	行	州	育	军	文
德国	人	队
德尔	曼
徽	章	州	记
心	里	情	理	中	态	灵	思	脏
心上	人
心中	有数
心力	衰竭
心得	体会
心情	不好	好
心有	灵犀
心理	学	准备	素质	健康	医生	咨询	压力	学家
心理学	家
心脏	病
心血	来潮	管
心里	话
必	须	要	然	将	定	备	需	有
必修	课
必然	性	要求
必经	之路
必胜	客
必要	性	条件
必需	品
忆	起
忌	讳
忍	不住	受	心	耐	者	住	着	了
忏	悔
忐	忑
忐忑	不安
志	愿	气	向	强	刚	军	伟	远
志愿	者	服务	军
忘	记	了	掉	却	不了	我	情	怀
忘记	密码
忙	着	碌	于	得	活	到
忠	诚	实	告	于	心	贞	义	厚
忠诚	度
忧	郁	伤	虑	愁	心	患
忧患	意识
忧郁	症
快	乐	速	递	点	捷	要	去	感
快快	乐乐
快捷	键	方式
快车	道
快递	费	公司
快速	发展	增长	反应	路
快餐	店
念	头	书	叨	佛	着	念	经
念念	不忘
忽	然	悠	略	视	忽	而
忽然	间
怀	疑	孕	念	里	抱	着	旧	中
怀孕	后	期间
态	度	势
怂	恿
怎	么	么样	样	能	会	能不
怎么	样	办	回事	看	可能	做	啦	这么
怎么办	啊
怎样	才能	做
怎能	不
怒	气	火	吼	放	江	斥
怔	怔
怕	怕	是	什么	死	了	啥	冷
怜	悯	惜	爱
思	想	考	路	维	念	绪	科	索
思想	家	观念	工作	教育	认识	政治	道德
思维	方式	能力	模式
怠	慢	速
怡	人
急	性	需	着	忙	剧	于	救	速
性	能	格	质	感	别	爱	生活	交
性价比	高
性情	中人
性能	指标	测试	力	研究
怨	恨	言	气	念	妇
怪	不得	物	异	怪	我	兽	事	你
怯	懦
总	是	结	体	经理	部	统	裁	理
总体	规划	要求	目标
总工	会
总成	绩
总有	一天	一种
总结	经验
总统	府
总编	辑
恋	爱	人	情	歌	上	恋
恋恋	不舍
恍	惚	然
恐	怖	怕	惧	龙	慌	吓
恐怖	片	分子	主义	袭击	组织
恐惧	感	症
恒	星	定	久	温	生	心	指
恕	我
恢	复
恢复	正常
恣	意
恨	不得	恨	我	死	不能
恩	恩	怨	爱	纳	师	赐	惠	典
恪	守
恬	静	淡
恭	喜	维	敬	候
恭喜	你	恭喜
息	肉
恰	恰	当	好	巧	逢	似	如
恰恰	相反
恳	请	求
恶	心	劣	意	魔	化	搞	性	毒
恶性	循环	肿瘤	竞争
恶意	软件
恼	火	怒
悄	悄	然
悄悄	话	的
悉	尼	数	心
悍	马
悔	恨	改
悖	论
悟	空	性	出
悠	悠	闲	久	然	扬	长	远
患	者	有	儿	上	病	处	了	难
悦	耳	来
您	的	好	在	对	需要	有	是	还
您还	没有
悬	挂	念	崖	赏	殊	疑	浮	着
悬赏	分
悲	哀	伤	剧	观	惨	痛	情	壮
悸	动
悼	念
情	况	绪	感	人	节	形	景	报
情人	节
情况	汇报	分析
情感	天地
情理	之中
情绪	化
情节	严重
惆	怅
惊	喜	讶	人	奇	醒	叹	艳	恐
惋	惜
惟	一	有	独	恐
惠	普	州	及	民	农	威	顾
惠州	市
惦	记
惧	怕
惨	重	烈	遭	淡	败	痛	叫	剧
惩	罚	戒	治	处
惬	意
惭	愧
惯	例	性	了	用
惰	性
想	到	法	起	想	要	象	着	去
想你	了
想像	力
想当	年	然	初
想得	到
想找	个
想来	想去
想看	看
想要	的
想象	力
想起	来
惶	恐
惹	人	得	火	来	事
愈	合	发	加
愉	快	悦
意	思	见	义	识	外	味	志	愿
意向	书
意味	着
意大利	队	人	语
意志	力
意料	之中	之外
意见	建议	书
意识	形态
愕	然
愚	蠢	昧	弄	民	人
愚人	节
感	觉	情	到	受	谢	动	染	冒
感光	度
感冒	了	药
感到	很
感叹	号
感应	器
感恩	节
感情	生活
感慨	万千
感染	力	者
感激	不尽
感觉	不到	真好
愣	了	住	是	愣
愤	怒	青	慨	恨	愤	然
愤愤	不平
愧	疚	对
愿	意	望	景	与	为
慈	善	悲	祥	禧	溪	爱
慈善	事业	机构
慈溪	市
慌	乱	张	忙	了
慎	重	用
慕	容
慢	慢	性	点	跑	性病	走	速	悠悠
慢性	病
慢慢	来
慧	眼	聪	德	慧
慨	叹
慰	问	藉
慵	懒
慷	慨
憋	着	死	屈	不住
憎	恨	恶
憔	悴
憧	憬
憨	厚	豆
懂	得	事	了	吗	行	的
懂得	珍惜
懈	怠
懊	恼	悔
懒	得	惰	人	散	觉	洋洋	懒	虫
懦	弱	夫
懵	懂
戈	壁	尔
戏	剧	曲	份	中	里	称	弄	子
戏剧	性
成	为	功	本	了	绩	都	立	熟
成为	一种	中国	世界	一名	现实
成交	量	价	额	价格
成交价	格
成人	电影
成功	率	经验	举办	人士	者	案例
成员	国
成品	油
成套	设备
成就	感
成年	人
成本	价	低	控制	核算
成熟	度	期
成立	以来
成绩	单
成都	市	人
成长	性	过程
我	们	的	国	是	也	想	就	在
我一	眼
我不	想	会	要	在
我也	是	不	想	要	有	来
我们	俩
我只	想
我和	他	你	我
我好	想
我对	你
我就	不
我帮	你
我很	想
我想	我	要	你	说	买	做	看
我是	个	谁	你
我最	爱
我有	个
我爱	你	我家
我的	心	手	脸	爱	家	梦
我看	看	你	过	着
我等	你
我老	婆
我要	做	看	买	找
我见	过
我说	我	过
我走	了
我还	能
戒	指	烟	备	毒	律	掉	酒	心
或	者	许	是	其他	少	不	以	删除
或以	上
或其	他	它
或者	其他
战	略	士	争	斗	场	术	胜	役
战斗	机	力
战略	性	目标	合作	思想	规划	意义	决策
戛	纳
截	图	至	止	取	面	屏	断	获
截止	日期	时间
截然	不同
戴	尔	着	上	眼镜	维斯	维	在	安娜
戴尔	公司
戴维	斯
户	口	外	型	籍	主	数	头	名
户口	本	簿
户型	图
户外	运动	广告	活动
房	子	间	价	地产	屋	产	租	东
房产	证	商	中介
房价	下跌
房地	产	产业
房地产	业	商
房子	里
房屋	拆迁	租赁
房管	局
房间	里
所	以	有	谓	在	说	需	有人	属
所以	然
所作	所为
所发	生
所在	单位	城市	地区
所学	校
所得	税
所提	供
所有	人	人都	权	作品	者	制	文字	内容
所有人	都
所有权	利
所要	求
所需	要
扁	平
扇	子	区	门
手	机	段	术	中	里	续	指	上
手提	电脑
手术	治疗	室
手机	号码	短信	用户	市场	电视	里	游戏	厂商
手电	筒
手续	费
手脚	冰凉
才	能	是	会	有	知道	行	发现	可以
才不	会
才会	有
才可	以
才是	真正
才知	道
才算	是
才能	够	让
扎	实	根	堆	进	西
扎实	推进
扑	克	灭	救	到	向	出	通	鼻
扑克	牌
打	开	算	电话	击	印	造	工	字
打不	开
打个	电话
打出	来
打击	报复
打印	机	出来
打工	者	仔	妹
打开	电脑	网页
打手	机
打扫	卫生
打折	机票
打造	成	出
扔	掉	了	到	下	在	进	给	出
托	管	福	运	盘	马斯	尼	付	蒂
托管	人
扛	着
扣	除	分	子	篮	押	款	肉	钱
执	行	法	着	政	业	照	教	导
执政	党	能力	为民
执法	人员	检查	部门	者
执行	力	情况	董事	者	过程
扩	大	展	张	散	容	充	建	招
扩大	内需	会议
扩展	名	性
扩建	工程
扫	描	地	荡	墓	盲	除	兴	帚
扫描	仪
扬	州	起	言	帆	名	子	扬
扬州	市
扭	曲	转	头	矩	动	伤	亏
扮	演	相
扮演	者
扯	淡	上	皮	到	蛋	着	开
扰	乱	民
扳	平	手	机	回
扶	持	贫	着	手	起	植	助	住
扶持	政策
扶贫	开发
批	准	评	发	判	量	复	示	次
批发	市场	价	商	零售
批评	家
批量	生产
扼	杀
找	到	个	你	我	找	人	出	他
承	担	认	诺	受	办	包	载	接
承包	商	人
承受	能力	力
承担	责任
承租	人
承诺	书
承载	力
承运	人
承销	商
技	术	能	巧	艺	嘉	师	法	改
技工	学校
技术	人员	支持	创新	含量	部	水平	性	服务
技能	培训
抄	袭	底	送	写	表
抉	择
把	握	我	它	你	他	她	这	钱
把握	好	住
抑	制	郁	或	制剂
抑制	剂
抑郁	症
抒	情	发
抓	住	紧	好	获	到	起	狂	取
抓住	机遇
抓紧	时间
投	资	入	诉	票	放	机	标	产
投保	人
投入	使用
投影	机	仪
投机	者	性
投标	人
投注	站
投诉	电话
投资	者	人	价值	环境	收益	项目	建议	公司
抖	动
抗	议	日	战	体	争	拒	衡	旱
抗日	战争
抗病	毒
抗震	救灾
折	腾	磨	扣	叠	旧	合	射	算
折价	率
折叠	式
折射	出
抚	摸	养	慰	顺	摩	平	州
抛	弃	出	开	售	光	掉	盘	下
抠	门
抢	救	劫	占	先	了	险	走	到
护	理	士	照	送	肤	卫	甲	腕
护士	长
护肤	品
报	告	道	价	名	纸	表	销	警
报业	集团
报价	单
报关	单	员
报名	参加	表	费	时间	者	点	人数
报告	会	书
报警	器
抨	击
披	露	风	着	上	肩
抬	头	起	高	眼	举	杠	手	着
抬头	看
抬起	头
抱	着	歉	怨	抱	住	有	起	在
抱着	你
抵	达	制	抗	押	触	御	挡	消
抵制	日货
抵抗	力
抵押	贷款	物
抹	去	布	杀	黑	了	上
押	金
抽	烟	象	出	空	屉	查	取	奖
抽样	调查
担	心	任	保	忧	当	负	子	纲
担保	人	公司
拆	迁	除	分	开	了	卸	掉	机
拆迁	户	人
拇	指
拉	开	着	动	到	萨	升	拉	住
拉丁	美洲
拉出	去
拌	匀	饭
拍	摄	卖	照	的	拍	下	戏	到
拍卖	行	会
拍照	片	手机
拎	着
拐	点	弯	杖	卖	角
拒	绝	不	收	签
拓	展	宽	扑	荒
拓展	训练
拔	掉	出	牙	下	剑	高
拖	鞋	着	欠	延	到	累	动	拉
拖拉	机
拘	留	束	泥	谨	捕
拙	劣
招	聘	商	收	生	呼	行	标	人
招商	引资	银行	局	证券
招待	所	会
招标	公告	文件	投标	人
招生	计划	简章	考试	办
招聘	会	信息
拜	拜	托	访	仁	年	读	师	见
拜托	了
拟	定	合	建	订	在
拥	有	抱	挤	护	堵	着	戴
拥有	者
拦	截	住	下	着
拨	打	号	款	通	付	开	出	动
择	优	业	偶	机	校
括	号
拮	据
拯	救
拱	手
拳	头	击	脚	皇	王
拷	贝	问
拷贝	到
拼	音	命	搏	了	图	写	接	凑
拽	着
拾	起	取
拿	到	着	出	来	出来	起	下	去
拿不	到
拿出	来
拿回	去
持	续	有	股	久	平	仓	有人	枪
持久	战
持有	人	者
持续	发展	增长	性	时间
持股	比例
挂	在	着	机	牌	钩	上	号	掉
指	导	出	标	定	数	挥	示	令
指南	针
指导	思想	员	性	意见	工作	意义	价	学生
指指	点点
指挥	部	官	中心	员
指数	基金
指标	体系
指环	王
指甲	油
指示	灯
指纹	识别
按	照	钮	摩	键	时	规定	下	揭
按揭	贷款
按摩	器
按照	规定
按理	说
挎	包
挑	战	选	剔	衅	逗	起	拨	出
挑战	性	赛
挖	掘	矿	出	坑	苦	到
挖掘	机
挚	爱	友
挟	持
挡	住	不住	在	板	着	出
挣	钱	扎	脱	到	得
挤	压	出	在	满	进	到	得	兑
挥	手	霍	舞	发	洒	动	挥
挥发	油
挨	打	着	骂	个	了	饿
挪	威	用	动
挫	折	败	伤
振	动	兴	荡	奋	作	华	幅
挺	好	多	大	快	进	拔	高	忙
挽	回	救	留	着
捂	着	住
捆	绑
捉	弄	住
捍	卫
捏	捏	造	着	了
捐	款	赠	助	献	给	出	资	钱
捕	捉	获	鱼	捞	杀	食
捞	出	起	钱
损	失	害	坏	伤	耗	益	毁
损害	赔偿
捡	到	起
换	个	成	来	上	取	人	下	掉
换位	思考
换届	选举
换手	率
换衣	服
捣	乱	鼓	蛋	毁
捧	场	着	起
据	说	此	我	称	悉	点	传
捷	克	径	达
掀	起	开
掂	量
授	权	予	课	信	意
授权	书
掉	线	下来	落	进	头	到	下	在
掉下	来	去
掌	握	声	控	柜	心	管	门	上
掌上	电脑
掌柜	的
掌门	人
掏	出	钱	空	腰包
掐	死	架
排	名	除	队	序	列	放	出	在
排卵	期
排名	前
排放	量	标准
排气	管
排行	榜
掘	金
掠	夺	过
探	讨	索	测	究	险	望	亲	头
探测	器
接	受	口	触	近	着	到	收	下来
接下	来	去
接入	点
接受	采访
接收	器	机
接班	人
接触	不良
控	制	件	股	诉	告	球	温	盘
控制	器	系统	面板	台	权	住	力	中心
控股	股东	公司	集团
推	荐	出	广	进	动	行	迟	销
推介	会
推动	作用	力
推广	应用
推荐	信	使用
推销	员
掩	饰	盖	护	埋	映	藏
措	施	辞
掰	掰	开
掺	杂
揉	揉	搓	着
描	述	写	绘
提	供	高	出	升	示	前	交	醒
提交	日期
提供	商	服务	者	免费	各种	担保	支持
提出	来	申请	要求	建议	问题
提前	还贷
提取	物
提示	信息
提起	诉讼	公诉
提高	自己	企业	学生	效率	自身	警惕
插	件	入	上	座	槽	头	曲	在
插进	去
握	手	着	住	紧	有	在手
揣	摩	测	着
揪	心	住	出
揭	开	示	露	晓	秘	发	穿	幕
援	助	引	手	建	藏
搀	扶
搁	置	浅
搂	着	住	在
搅	拌	动	和
搅拌	机
搏	斗	击	杀
搜	索	狗	狐	集	寻	房	救	查
搜房	网
搜狐	博客	体育
搜索	引擎	结果	功能
搞	定	笑	得	好	错	到	不懂	清楚
搞清	楚
搪	塞
搬	家	到	迁	走	运	出	场	进
搬家	公司
搬运	工
搭	配	建	档	理	载	讪	车	上
携	带	手	程
携带	者
摄	影	像	入	取	制
摄像	头	机
摄入	量
摄影	师	机	家	作品	记者
摆	脱	在	放	摊	出	设	动	着
摇	滚	头	摆	摇头	晃	了	曳	篮
摇摇	头
摇滚	乐
摊	位	子	销	开	主	上	点	贩
摒	弃
摔	倒	了	跤	死	在	下	伤
摘	要	编	掉	下	录	自	除	抄
摧	毁	残
摩	擦	托	根	尔	登	羯	西
摩托	车	罗拉
摩根	大通
摩羯	座
摸	摸	索	着	了	到	底	清	出
撇	开
撑	着	起	死	开	不住	腰
撒	谎	娇	旦	尿	野	在
撕	裂	开	掉	下	扯	碎
撞	击	到	上	死	墙	了	车	倒
撤	销	退	离	出	消	回	军	单
撩	人
播	放	出	客	种	报	音
播放	器	机	列表
播种	面积
播音	员
撮	合
撰	写	文
撼	动
擂	台
擅	长	自
操	作	纵	心	控	场	盘	劳	练
操作	系统	权限	员	性	方法	人员	方式	界面
操控	性
操盘	手
擎	天柱
擦	拭	干	擦	了	亮	洗	掉	着
攀	升	登	比	钢	岩	爬	上
攒	钱
攫	取
支	持	付	撑	出	援	行	票	配
支付	宝
支持	者	率
支柱	产业
支气管	炎
支部	书记
收	到	入	费	购	益	藏	集	获
收件	人	箱
收入	分配	水平	差距	增长	来源
收拾	好
收益	率
收盘	价
收藏	夹	品	价值	者
收视	率
收货	人
收购	价格	价
收购价	格
收费	标准	站	项目
收银	员
收音	机
改	变	革	善	进	造	成	为	天
改变	自己
改名	字
改善	睡眠
改编	自
改造	工程	成
改革	开放	发展	创新	方案	试点
攻	击	略	势	克	关	读	打	城
攻击	力	性	者
放	在	弃	心	假	松	到	入	下
放上	去
放在	一起	心上	眼里
放大	器	镜
放射	性
政	府	策	治	权	协	党	务	绩
政务	公开
政协	委员	工作	主席
政府	部门	采购	官员	机关	机构	网站	工作	职能
政治	家	制度	学	部	体制	局	经济	权利
政法	委
政策	性	措施	法规	规定	面	环境
故	事	意	障	乡	宫	居	作	人
故事	情节	片
故障	诊断
效	果	率	应	益	力	能	仿	用
效果	图	好	如何
效率	高
敌	人	对	军	方	意	视
敏	感	捷	锐	感性	敏
敏感	性	度
救	助	援	灾	命	治	济	人	市
救命	稻草
救护	车
救援	队
救生	圈
敖	东
教	育	师	授	学	练	材	程	室
教务	处
教学	楼	质量	方法	内容	改革	工作	模式	过程
教室	里
教师	节	队伍
教研	室
教练	员	组
教育	部	局	网	活动	教学	事业	资源	培训
教育学	院
教育部	门
敛	财
敞	开
敢	于	说	情	不敢	问	做	去	想
散	户	热	发	步	文	布	落	发出
散发	出
散布	谣言
散热	器	片
敦	煌	促
敬	业	请	佩	意	礼	畏	仰	重
敬业	精神
数	据	量	字	学	码	值	目	十
数十	万	亿
数千	万
数字	电视	化	信号	家庭
数学	家	系	模型	题
数据	库	显示	线	包	传输	结构	源	中心
数控	机床
数百	万
数码	相机	产品	照片	单反
数量	级
敲	门	诈	定	打	响	击	了	开
整	个	体	理	合	天	治	整	改
整个	人	世界	过程
整体	上市	素质	性	规划
整改	措施
整整	齐齐
整治	工作
敷	衍	设
文	件	化	章	字	档	明	学	本
文件	夹	名	系统	格式	列表	精神	大小	类型
文件夹	中	下	里
文化	遗产	产业	建设	部	交流	节	艺术	底蕴
文学	作品	家	艺术	创作	史	院	奖
文明	用语	办	单位
文本	框	文件
文档	中
文物	保护
文章	类型	来源	内容
文艺	复兴	片	演出	晚会
文言	文
斑	竹	斑	点	马	驳	斓
斗	争	地主	志	士	智	篷	殴	气
料	理	到	酒	子
斜	插	坡	阳	对面
斟	酌
斡	旋
斥	责	资
斧	头	子
斩	断	首	杀	获
断	了	裂	线	开	电	网	定	点
斯	基	文	特	坦	科	柯达	克	塔
斯坦	福
斯诺	克
新	的	闻	浪	疆	鲜	人	增	型
新兴	市场	产业
新加	坡
新华	网	社	书店
新城	区
新娘	子
新年	快乐
新手	机
新来	的
新浪	网	娱乐	体育	博客	科技	财经
新生	儿	代	事物
新疆	人
新股	发行	申购
新闻	媒体	网	报道	联播	中心	界	稿	出版
新闻网	站
新鲜	感	事
方	面	式	法	便	案	向	正	针
方便	面	快捷
方向	盘	键	性
方式	方法
方方	面面
方案	设计
方正	科技
方法	来	论	研究
方程	式
方舟	子
方针	政策
方面	军
施	工	行	展	肥	加	法	压	舍
施工	单位	图	现场	队	企业	人员	技术
旁	边	人	观者	听	观	白
旁观	者
旅	游	行	客	馆	途	程	店	社
旅游	业	局	景点	资源	者	区	市场	团
旅行	社	团	者
旋	转	律	风	涡	即	钮
族	人	群	长
旖	旎
旗	下	帜	下的	舰	袍	子	号	手
旗下	的
旗帜	鲜明
旗舰	店
无	法	论	聊	所谓	奈	线	限	数
无不	及
无人	机
无偿	献血
无关	紧要
无可	奈何	挑剔
无名	指
无处	不在
无害	化
无形	中	资产
无影	无踪
无意	间	识	义
无愧	于
无所	谓	事事	不能	不在
无数	次
无极	限
无法	使用	正常	控制	改变	显示	访问	打开	找到
无私	奉献
无穷	无尽
无线	电	网络	网卡	上网	通信
无缘	无故
无论	如何
无锡	市
无间	道
无限	制	期
无风	险
既	然	有	是	要	不	能	可以	可
既可	以
既然	如此
日	本	子	期	志	前	本人	益	常
日光	灯
日内	瓦
日子	里
日常	生活	工作	管理
日志	文件
日报	社
日日	夜夜
日本	人	政府	车	队	鬼子	经济	首相	东京
日照	市
日用	品
日程	表	安排
日记	本
旧	的	金山	版	爱	时	书	社会	址
旧城	改造
旨	在	意
早	上	点	就	已	期	晨	餐	日
早上	好	起来	起床
早日	康复
早睡	早起
早知	道
旭	日	东
旮	旯
旱	情	灾
时	候	间	代	期	尚	刻	光	机
时代	背景	精神	广场
时刻	表
时尚	杂志
时应	注意
时效	性
时有	发生
时装	周
时间	里	长	表	段	安排	短	最长	比较
旷	野	工	课
旺	旺	盛	季	财	角
昂	贵	达	扬
昆	明	山	虫	仑	曲
昆明	市
昌	平	盛
昌平	区
明	天	白	显	确	年	星	明	细
明文	规定
明明	白白	知道
明月	照
明知	道
明确	规定	提出
明细	表
昏	迷	倒	暗	死	睡	了	黄	昏
昏昏	沉沉
易	于	趣	中天	用	被	学	经	懂
易用	性
昔	日
星	期	星	座	际	空	光	球	级
星光	大道
星期	天	一	六	五	三	四	二	日
星级	酒店
星际	争霸
映	像	射	衬	泰	照	月
春	天	节	季	秋	晚	风	春	运
春夏	秋冬
春节	前	期间	晚会	包机
昨	天	晚	日	夜	晚上	儿
昨晚	上
昭	示
是	不是	否	个	啊	在	一种	我	指
是一	种	件	位	款	部	名	项	只
是不	是	可能
是假	的
是否	存在	能够	符合	正确
是对	的
是我	的
是真	的	是假
是谁	在
昵	称
昼	夜
显	示	得	然	卡	着	现	存	露
显卡	驱动
显微	镜
显示	器	出	屏	出来	效果	卡
显示出	来
晃	动	晃	悠	荡	去
晃晃	悠悠
晋	级	升	江	商
晏	紫
晒	太阳	晒	干	黑	得
晓	得	东	明	晓	峰	楠	风	波
晕	倒	死	晕	车	菜	眩
晚	上	安	饭	会	点	餐	年	期
晚上	好	睡觉
晚些	时候
晦	涩	气
晨	报	曦	光	星	练	晨
普	通	遍	及	通话	京	查	法	洱
普及	率
普洱	茶
普通	话	人	百姓	用户	高校	高中	住宅	朋友
普遍	存在	性
普陀	区	山
景	区	观	点	色	象	气	物	致
景观	设计
晴	天	朗	空
晶	晶	体	莹	片
晶体	管
智	慧	能	力	商	利	者	障	齿
智能	手机	化	卡	机	网
晾	干	晒
暂	时	停	无	不	且	定	未	缓
暂住	证
暂时	没有	性
暑	假	期	促
暖	气	暖	和	意	身	风	流
暖暖	的
暗	示	恋	暗	影	黑	中	夜	自
暗地	里
暧	昧
暮	色
暴	力	露	雨	跌	风	利	涨	雪
暴发	户
暴露	出
暴风	影音	雨	雪
曙	光
曝	光	出
曲	线	子	折	目	风	调	面	解
更	新	加	多	多的	是	好	为	换
更可	怕
更多	的	信息	精彩	关于
更大	的
更好	的	地
更新	换代
更有	效
更美	好
更衣	室
更重	要
更高	的
曹	操
曼	联	谷	城	妙
曾	经	在	有	是	被	任	说	为
曾经	的	说过	拥有
替	换	代	补	我	你	他	身	人
替代	品
最	后	近	好	终	大	新	高	大的
最低	价	点	工资
最佳	选择	时间	时机	答案
最受	欢迎	关注
最后	一次	更新	还是	一天	时刻	一场
最多	的
最大	的	限度	化	值	规模	功率
最好	的	用
最小	的	化	值
最少	的
最差	的
最快	的
最新	版	版本	消息	动态	推出	款	进展
最新版	本
最早	的
最有	价值
最深	的
最热	门
最短	的
最终	还是	幻想	用户	目标
最让	人
最近	几年
最长	的
最高	点	境界	法院	峰	价	分	气温	学历
月	份	底	亮	饼	经	光	初	球
月中	旬
月租	费
有	点	些	人	关	没有	个	效	了
有一	种	天	次	位	个人	条	段	套
有两	个	种
有了	钱
有些	人	事情	事
有些事	情
有人	认为	用
有偿	使用
有关	部门	规定	法律	人士	方面	问题	人员	单位
有利	条件
有助	于
有声	有色
有多	大	远	高	个	长	深
有好	感
有害	物质
有很	大	多人	强
有心	人
有情	人
有意	思	识	者	无意
有感	觉
有所	不同	作为
有效	期	性	成分	措施	控制	途径	利用
有时	候
有机	结合	物	肥	食品
有没有	人
有点	像	儿
有用	吗
有病	毒
有的	人	是
有线	电视	通
有缘	人
有色	金属
有谁	知道
有过	之
有钱	人	了
有限	公司	元	责任
朋	友	克
朋友	一起	之间
服	务	装	用	饰	从	药	气	役
服务	器	员	业	中心	对象	商	质量	体系
服务器	上	端
服装	店	设计
朗	读	诵	讯	朗	阁
望	着	去	京	向	了	月	见	望
朝	鲜	着	阳	廷	代	向	天	气
朝夕	相处
朝阳	区
朝鲜	半岛	战争	族
期	间	待	望	限	货	盼	刊	末
期望	值
期末	考试
期货	市场	公司	交易	价格
朦	胧
木	马	头	材	板	木	瓜	质	兰
木子	美
木马	病毒
未	来	必	能	经	知	成年	予	婚
未婚	妻	夫
未完	成
未来	发展
未知	数
未经	许可	授权	允许
末	日	端	期	尾	年	班车
本	来	人	身	地	次	站	网	文
本周	末
本土	化
本地	区	人	化	网	连接
本场	比赛
本年	度
本报	记者	讯
本月	底
本条	例
本来	就是	面目
本科	生	毕业	学历
本网	站
本职	工作
本身	就是
本部	门
术	士	后	语	前	中
朱	德	雀	军	熹	骏	茵	令	棣
朴	素	实	树
朵	朵
机	会	器	构	制	场	关	械	票
机关	干部
机动	车	车辆
机动车	辆
机器	人	猫
机子	上
机构	改革
机械	化	设备	厂	制造	工业	行业
机电	产品	设备
机票	价格
杀	人	毒	手	了	死	害	掉	菌
杀人	犯	案
杀伤	力	性
杀手	锏
杀毒	软件
杀虫	剂
杂	志	谈	交	质	物	草	种	乱
杂志	社
杂货	店
权	利	限	力	威	证	益	重	衡
权利	人	义务
权威	性	机构	人士
杆	菌	子
杉	杉
李	宇春	白	安	小龙	先生	湘	某	敖
李云	龙
李俊	基
李小	龙
杏	仁	花
材	料	质
村	民	里	庄	子	委会	长	级	干部
村委	会
村村	通
村里	人
杜	绝	鹃	甫	撰	威	邦
束	缚
杠	杆
条	件	款	例	约	目	码	规定	纹
条件	反射
来	说	了	自	看	到	源	的	讲
来到	这里
来得	及
来来	往往	回回
来源	于
来电	话	显示
来看	看	你
来自	中国	北京
来访	者
来这	里
杨	过	梅	柳	佳	丽娟	浦	家	树
杨浦	区
杭	州	萧	城
杭州	市
杯	子	中	茶	赛	水	酒
杰	出	克	作	伦	夫
杰克	逊
松	下	江	动	开	弛	散	鼠	懈
板	块	子	凳	材	上	卡	砖	栗
极	大	其	为	端	品	度	限	具
极为	重要
极品	飞车
极少	数
构	成	建	造	思	筑	想	件	架
构建	和谐
构成	犯罪
构造	函数
枇	杷
枕	头	着	边
林	业	彪	子	木	立	肯	黛玉	俊杰
林业	局	厅
枚	金牌	举
果	然	实	断	汁	子	真	果	冻
果然	是
枝	头	叶	条
枢	纽
枣	庄
枪	手	毙	支	击	口	杀	声	战
枪击	案
枫	叶	林
枯	燥	萎	竭	叶	黄
架	构	子	设	势	飞机	起	空	上
架构	师
枷	锁
枸	杞
枸杞	子
柏	林	芝
某	些	个	种	人	一	某	天	一天
某一	天
某个	人
某些	人
某某	某
某种	程度
柑	橘	桔
染	色	料	上	发	红	成	指
染色	体
柔	软	和	情	弱	美	柔	性	道
柚	子
柜	台	子	员
柠	檬
柠檬	汁
查	询	看	找	处	查	收	到	阅
查看	更多
查询	结果
柯	南	达
柱	子
柳	州	树	絮
柳州	市
柴	油	火
柴油	机
柿	子
栅	栏
标	准	志	题	签	识	记	注	明
标准	化	版
标志	性
标点	符号
标识	符
标题	栏
栋	梁
栏	目	杆	中	位
树	立	木	叶	上	脂	林	枝	下
树林	里
树立	正确
栖	息
栖息	地
栗	子
校	园	长	内	区	友	验	方	门
校友	录	会
校园	网	里	招聘	文化
校门	口
株	洲
样	子	品	式	本	板	机	样	东西
样式	表
样板	房	间
核	心	实	对	算	准	查	定	武器
核心	技术	价值	业务	内容	区	网
核武	器
核电	站
根	据	本	源	基	部	本性	治	目录
根据	地	需要
根本	原因	性	利益
根目录	下
格	式	局	外	子	格	斗	调	林
格兰	仕
格尔	木
格式	化
格格	不入
栽	培	植	种
栽培	技术
桂	林	花	冠
桂林	市
桃	花	子	源	园	李	树
桃花	源	运
框	架	框	中	图
框架	协议
案	件	例	子	情	发	卷	中
案例	分析
桌	面	子	上	球	椅	前	布
桐	乡
桑	拿
桑拿	浴
桔	子
档	案	次	期	位
档案	馆	局	管理	工作
桥	梁	上	头	下	镇	段	面
梁	山	祝
梁山	伯
梅	花	雨	西	子	毒	州	林	尔
梗	阻
梦	想	幻	见	里	中	到	境	游
梦中	的	情人
梦幻	西游
梦想	成真
梧	桐	州
梧桐	树
梨	花	子	园
梯	度	子	队	形	田
梳	理	子	头
梵	高
检	查	测	验	索	讨	修	疫	察
检察	院	机关	官	长
检查	组	结果	工作
检测	结果	中心	方法	出	报告
检验	检疫
棉	花	被	袄	布	衣
棉花	糖
棋	子	手	盘	牌
棍	子
棒	子	棒	球
棒棒	糖
棕	色	榈
棕榈	油
棘	手
森	林	森
森林	公园	里	资源	防火	狼
棱	角
棵	树
棺	材
椅	子	上
植	物	被	入	株	树
植物	园	油	人
椭	圆	圆形
椭圆	形
椰	子
楚	国	楚	天	王
楠	楠
楷	模	书	体
楼	主	上	下	盘	市	梯	房	层
楼道	里
概	念	率	括	况	述	要	论	算
概念	股	车
榆	林
榕	树
榜	样	首	单	上
榜上	有名
榨	菜
榴	莲
槟	榔
模	式	块	型	板	拟	糊	仿	特
模块	化
模拟	器	题
模特	儿
横	向	幅	扫	行	盘	跨	梁	穿
樱	花	桃
橄	榄
橄榄	油	球
橘	子
橙	色	子	汁
橡	胶	皮	树
橱	柜	窗
欠	缺	费	款	佳	了	债	薪	下
次	数	会议	日	要	级	序	全会	年
次级	债
欢	迎	乐	喜	呼	笑	快	欢	心
欢乐	谷
欢呼	声
欢迎	大家	光临	访问	来到	加入	来	广大
欢迎来	到
欣	赏	慰	喜	然	欣
欧	洲	盟	美	元	阳	冠	式	文
欧元	区
欧洲	人	杯	国家	市场
欧美	国家
欲	望	火	求	知
欺	负	骗	诈	压	凌
欺负	人
款	式	项	车型	款	待
歇	息	歇	着
歉	意
歌	曲	词	手	迷	声	唱	舞	剧
歌剧	院
歌唱	家
歌舞	团
止	损	血	痛	跌	步	住	不住	于
正	在	常	式	确	是	好	版	面
正义	感
正因	为
正在	进行	运行
正处	于
正常	人	使用	运行	工作	化
正式	版	启动	开始	发布	成立	实施
正方	形
正确	性	处理	认识	答案	对待
此	次	时	事	前	类	外	刻	后
此文	件
此时	此刻
步	骤	伐	入	行	兵	枪	步	子
步步	高
步行	街
武	汉	器	装	功	术	林	警	侠
武侠	小说
武器	装备
武大	郎
武夷	山
武林	外传
武汉	市	大学	队	人
武装	力量
武警	部队
歧	视	义
歪	曲	歪	了	着
歹	徒
死	了	亡	机	人	去	者	后	神
死亡	率	人数	笔记
歼	灭
殆	尽
殊	荣	不知
残	酷	忍	疾	留	缺	废	暴	余
残留	物
残疾	人
殖	民
殖民	地
殡	葬
殴	打
段	时间	落	子	誉
殷	勤	切
殿	堂	下
毁	灭	掉	坏	容
毁灭	性
毅	力	然
母	亲	子	校	猪	女	公司	乳	爱
母乳	喂养
母亲	节
每	天	个	次	年	月	个人	日	人
每一	次	个人	天	位	种	步
每个	人	月	人都
每个人	都
每天	晚上	都有	都要
每股	收益
毒	品	素	药	性	害	蛇	打	霸
比	较	如	赛	例	我	较好	你	重
比如	说
比尔	盖茨
比我	大	好
比比	皆是
比赛	项目
比较	好	多	大	喜欢	容易	低	合适	优势
毕	业	竟	生
毕业	生	证	论文	设计	证书	典礼	照	前
毕业证	书
毗	邻
毛	病	毛	主席	孔	巾	衣	钱	利率
毛利	率
毛毛	虫
毫	无	不	米	升	无意义	秒	克	发
毫不	犹豫	留情	客气
毫无	疑问	意义
毯	子
氏	族	家族
民	族	主	众	间	警	工	生	营
民主	党	政治	党派	化	制度	监督	管理
民主党	派
民事	诉讼	责任
民俗	文化
民办	学校	教育	高校
民意	调查
民政	局	部门	部
民政部	门
民族	主义	文化	团结	精神	英雄	品牌	特色	地区
民生	银行	问题
民航	总局
民营	企业	经济
民间	组织	资本	艺术
气	氛	质	息	候	体	温	死	势
气候	变化	条件
气象	局	台	部门
氛	围
氢	气
氤	氲
氧	化	气
氧化	铝	物
氨	基
氨基	酸
氮	肥	气
氯	化
水	平	果	晶	泥	中	分	货	库
水产	品	养殖
水利	工程	部	局	建设
水土	保持	流失	不服
水水	灌灌	水
水泥	厂	路
水浒	传
水深	火热
水源	地
水煮	鱼
水瓶	座
水电	站	费
永	远	恒	久	不	乐	生	安	康
永久	性
永远	不会
汁	液
求	助	职	购	婚	学	救	解	你
求求	你
求职	者
汇	报	总	款	率	集	聚	编	丰
汇丰	银行
汇总	表
汉	字	语	化	族	奸	堡	口	子
汉化	版
汉语	拼音
汕	头	尾
汕头	市
汗	水	颜	腺	珠	毛
汛	期
江	苏	湖	南	西	山	泽民	门	海
江南	春
江苏	省
江西	省
江门	市
池	塘	子	中
污	染	水	垢	水处理	泥	蔑	点	秽
污染	物	源	防治	环境	治理
污水	处理
汤	唯	姆	圆	匙	汁
汪	洋	汪	涵	峰
汲	取
汶	川
汶川	县
汹	涌
汽	车	油	车站	水	配
汽车	站	工业	市场	行业	公司	之家	产业	企业
沃	恩	尔	土
沃尔	玛	沃
沈	阳
沉	默	重	淀	浸	迷	思	积	睡
沐	浴
沐浴	露
沙	发	漠	滩	龙	子	特	沙	拉
沙尘	暴
沟	通	里	渠
沟通	能力
没	有	事	什么	人	关系	法	用	钱
没事	儿
没关	系
没出	息
没好	气
没得	说
没想	过
没有	什么	任何	办法	必要	想到	问题	用	时间
没法	子
没见	过
没话	说
沥	青
沦	为	落	陷	丧
沧	桑	海	州
沪	深	市	上	指
沪深	股市
沮	丧
河	南	北	流	水	边	道	蟹	里
河北	省
河南	省	人
沸	腾	点	水
油	价	脂	田	耗	漆	画	门	气
油价	上涨
油菜	花
治	疗	理	安	愈	病	好	国	本
治理	结构
治疗	方法	效果	慢性	方案	小儿
沼	泽	气
沼气	池
沾	上	满	染	边	了
沿	着	海	线	途	用	岸	江	袭
沿海	地区
泄	漏	露	密	气
泉	州	水
泉州	市
泊	位
法	律	国	师	院	规	官	庭	定
法人	股	代表	资格
法兰	西
法制	办	建设	化	教育
法国	人	队	总统	巴黎
法学	院	家
法定	程序
法律	责任	法规	规定	援助	制度	保护	依据	顾问
法拉	利
法院	判决	审理
泛	滥	起	着	指	珠三角	泛	蓝	黄
泡	沫	泡	妞	面	菜	在	吧	汤
泡泡	堂
波	动	兰	段	波	里	及	浪	澜
波涛	汹涌
泥	土	巴	沙	鳅	泞	潭	浆
注	意	册	重	明	定	入	销	释
注册	表	码	用户	资本	机	商	商标	登记
注册商	标
注射	液	器
注意	力	事项	安全	点
注明	出处
泪	水	眼	光	痕	珠	花	流
泪流	满面
泯	灭
泰	国	山	达	州	安	坦	勒	斗
泳	装	池	衣
泵	站
泸	州
泼	妇	辣
泽	民
洁	白	净	面	具	癖
洋	子	溢	葱	娃娃	人	洋	房	酒
洋葱	头
洒	脱	在	落
洗	澡	净	脸	衣服	完	洗	碗	头
洗刷	刷
洗发	水
洗手	间
洗涤	剂
洗衣	机	服	粉
洛	阳	克	夫	奇
洛阳	市
洞	口	穴	里	察	房	庭	洞	悉
洞察	力
洞庭	湖
津	贴
洪	水	流	灾	亮	武	峰	波
洲	际
活	动	着	跃	力	泼	性	得	在
活动	中心	场所	内容	时间
活性	炭
洼	地
洽	谈
洽谈	会
派	出	人	遣	对	发	驻	送	来
派出	所
流	程	行	量	氓	动	通	传	泪
流光	飞舞
流出	来
流动	性	人口	资金
流星	雨
流氓	软件
流水	线	帐	号
流浪	汉	狗	猫	者
流着	泪
流程	图
流行	音乐	歌曲	趋势	性
流通	股	股东	领域
流通股	东
流量	计
流露	出
浅	谈	析	薄	色	浅	显	议	层
浅浅	的
浆	糊
浇	水	灌	花	筑
测	试	量	定	评	算	绘	验	控
测试	版	结果	仪	用例
济	南	宁
济南	市
浏	览	阳
浏览	器	网页	量	者
浑	身	浊	厚
浓	度	厚	郁	缩	烈	重	浓	烟
浓浓	的
浙	江	大	商	西
浙江	省	大学	人
浦	东	发	江	西
浦东	新区
浦发	银行
浩	方	荡	瀚	然	大	劫	浩
浪	费	漫	潮	子	花	人
浪漫	主义	满屋
浪费	时间
浮	躁	动	现	云	肿	雕	华	出
浮出	水面
浴	室	缸	盐	巾	池	场
海	外	南	洋	关	边	上	军	报
海事	局
海关	总署
海内	外
海南	省	岛
海口	市
海外	市场	上市	华人	投资
海岸	线
海峡	两岸	西岸
海淀	区
海珠	区
海盗	船
海贼	王
海通	证券
浸	泡	润	透	入	湿
涂	料	抹	鸦	层	上	在	装
涅	磐
消	息	费	失	除	耗	化	灭	防
消化	道	不良	吸收	系统
消息	面
消炎	药
消耗	掉	量
消费	者	品	市场	需求	税	群体	量	电子
消费群	体
消防	安全	车
消除	疲劳
涉	及	嫌	足	案	外	农	猎
涌	入	现	动	现出	出	起	上	向
涌上	心头
涌现	出
涛	涛
涟	漪
涡	轮
涣	散
涤	纶
润	滑	泽	色	肺	肤
润滑	油	剂
涨	停	价	幅	到	跌	势	得	工资
涨停	板
涨跌	幅
涪	陵
液	晶	体	压	态	化
液化	气
液晶	电视	屏	面板
涵	盖	义	养
淀	粉
淄	博
淄博	市
淋	浴	巴结	漓	巴	雨	湿	病
淋巴	结	细胞
淑	女
淘	宝	汰	气	金	淘
淘宝	网
淘汰	落后	赛
淡	淡	化	然	季	出	水	定	忘
淡蓝	色
淤	泥	积
淫	荡	秽	乱	水
淮	安	南	河	海	北
淮海	路
深	圳	入	刻	深	度	处	化	夜
深入	开展	人心	研究
深刻	认识	理解
深化	改革
深圳	市	队
深层	次	清洁
深有	感触
深蓝	色
淳	朴
混	乱	合	蛋	沌	淆	混	得	杂
混合	型	物	动力
混在	一起
淹	没	死
添	加	置	乱	麻烦	上
添加	剂
清	楚	除	晰	理	华	醒	洁	单
清华	大学	同方
清明	节
清晰	度	可见
清洁	工	生产	剂	能源
清清	楚楚
清热	解毒
清理	整顿
清真	寺
渊	源	博
渎	职
渐	渐	变	进	行	远	成	趋
渔	业	民	船	夫	村	港	人
渗	透	入	出	漏	水
渠	道
渠道	商
渡	过	口	假	河	江
渣	打	滓
渤	海
温	度	暖	柔	州	馨	和	泉	情
温室	气体
温州	市	人
温度	计
温馨	提示
港	口	股	台	元	币	湾	澳	区
港澳	台
渲	染
渴	望	求
游	戏	客	泳	览	玩	行	记	侠
游乐	场	园
游击	队	战
游戏	机	规则	里	币	玩家	画面
游泳	池	馆
渺	小	茫
湖	南	北	水	人	边	泊	州	面
湖人	队
湖北	省	人
湖南	省	卫视	人	台	大学
湘	西	潭	江	菜	军
湛	江	蓝
湮	灭
湾	岸
湿	润	地	度	疹	了	热	透	湿
溃	疡	烂
源	于	头	代码	码	自	泉	文件	程序
溜	达	走	溜	冰
溢	出	价
溥	仪
溪	水	流	镇
溶	液	解	剂	于	化	入	洞
溶液	中
溺	水	爱
滁	州
滇	池
滋	味	润	生	养	补	阴
滑	雪	稽	坡	落	盖	动	板	过
滑雪	场
滔	滔
滔滔	不绝
滚	动	滚	蛋	轮	烫	筒	石	出
滚动	条
滞	后	留	销
满	足	意	脸	仓	地	怀	是	分
满天	飞
满头	大汗
满意	度
满满	的
满足	感
滤	镜	波	芯
滤波	器
滥	用
滥用	职权
滨	海	江	州
滨海	新区
滩	涂
滴	水	滴	血	落	答
漂	亮	流	泊	浮	移	白	漂
漂亮	女人
漆	黑
漏	洞	水	掉	斗	电	油
漓	江
演	员	出	讲	绎	示	唱	技	变
演唱	会
演艺	圈	界
演讲	稿
漠	视	然
漩	涡
漫	画	长	游	步	漫	天	骂	画家
漫步	者
漫游	费
漫画	家
漯	河
漱	口
漳	州
潇	洒	潇	湘
潍	坊
潍坊	市
潘	金莲
潜	力	在	水	艇	能	意识	规则	入
潜伏	期
潜力	股
潜水	员	艇
潮	流	湿	州	水	汕	汐
潺	潺
澄	清	海
澎	湃
澡	堂
澳	门	洲	元	网
激	情	动	烈	活	励	发	光	素
激光	器
激动	人心
激励	机制
激发	学生
激情	戏
激活	码
濒	临	危
濮	阳
瀑	布
灌	水	灌	溉	输	注	木	区	装
灌灌	水水
灌篮	高手
火	车	箭	车站	星	爆	锅	焰	炬
火影	忍者
火星	人
火炬	手
火箭	队
火腿	肠
火花	塞
火车	站	票	头
火辣	辣
火锅	店
灭	亡	绝	了	火	菌	掉
灭火	器
灯	光	下	泡	会	具	笼	火	饰
灰	色	尘	暗	姑娘	心	鸽子	烬	度
灵	魂	活	感	活性	敏	气	通	性
灵敏	度
灵活	性
灼	热	伤
灾	难	区	害	民	情	后	祸
灾难	性
灿	烂
炉	子
炊	烟
炎	症	热	黄	炎	帝
炎黄	子孙
炒	股	作	菜	房	饭	股票	得	家
炒股	票
炙	热
炫	耀	目
炮	弹	轰	灰	制	兵	火	台
炸	弹	药	死	掉	了	开	毁
点	击	此	评	半	头	了	点	儿
点击	这里	查看	率	进入	此处	图片
点点	头	滴滴
炼	金	油	成	油厂	狱	钢	化
炼油	厂
炽	热
烂	漫	片
烈	士	火	日	焰
烈士	陵园
烘	干	托	烤
烙	印
烛	光
烟	台	花	草	火	雾	雨	酒	囱
烟台	市
烟灰	缸
烟花	爆竹
烤	肉	鸭	箱	漆	鱼	烟
烦	恼	躁	人	请	心	了	琐	闷
烧	烤	香	伤	饼	毁	钱	饭	掉
烫	伤	手	发
热	情	闹	点	爱	烈	门	量	线
热力	学
热带	雨林	风暴
热心	人
热情	洋溢
热水	器
热火	朝天
热点	问题
热烈	祝贺
热热	闹闹
热爱	生活
热电	厂
热线	电话
热血	沸腾	江湖
热身	赛
热门	话题
热闹	非凡
烹	饪	调	制
烽	火
焊	接	缝
焕	发
焚	烧
焦	点	虑	急	距	作	炭	躁	化
焰	火
然	后	而	后又
然后	又	按	单击
煎	熬	饼	蛋
煞	笔
煤	矿	炭	气	电	泥	化工	业	层
煤炭	资源	企业	行业
煤矿	安全
照	片	顾	样	相	明	着	相机	射
照相	机	馆
煮	饭	熟	沸	粥	好
煲	汤
煽	动	情
熄	灭	灯	火
熊	猫	市	熊	掌
熏	蒸	陶
熔	炉	化
熟	悉	练	人	知	女	睡	了	识
熟练	掌握
熬	夜	过	到
燃	烧	料	油	气	起	放	煤
燃料	电池	油
燃油	税
燕	子	窝	姿	京	山	郊	燕	麦
燥	热
爆	发	炸	笑	料	破	出	发力	满
爆发	力
爆炸	事件	案	性
爪	子
爬	山	上	起来	到	行	虫	出	过
爱	情	你	上	好	心	人	国	的
爱上	他	我	一个
爱国	者	主义
爱好	者
爱情	故事	是	片	观
爱的	人
爱着	你
爵	士
爵士	乐
父	母	亲	子	母亲	女	辈	爱	皇
父亲	节
父母	亲
爷	爷	们
爷爷	奶奶
爸	爸	妈
爸爸	妈妈
爹	爹	妈	娘
爽	快	了	朗	啊	爽	口	死
片	子	段	中	刻	区	面	片	断
片尾	曲
版	本	主	权	面	块	规	务	图
版本	号
版权	所有	归	声明	问题	保护
牌	子	照	坊	号	匾
牙	齿	膏	刷	龈	签	医	疼	科
牛	奶	逼	市	肉	人	牛	仔	排
牛仔	裤
牛皮	癣
牛肉	面	干
牟	利
牡	丹	蛎
牡丹	江
牢	牢	固	记	骚	房	靠
牢固	树立
牦	牛
牧	师	场	民	区	草	羊	业
物	质	品	理	流	业	资	价	体
物业	管理	公司	费	税	服务
物价	局	上涨	指数
物权	法
物流	中心	企业	公司	业	管理
物理	学	学家	系
物理学	家
物质	基础	生活	文明
牲	畜	口
牵	挂	头	着	手	引	涉	扯	动
特	别	点	殊	色	征	性	定	意
特价	机票
特别	是在	注意	关注	版	节目
特大	型
特奥	会
特异	性	功能
特殊	性	情况	要求
特种	部队	设备	兵
特色	产业
特许	经营
牺	牲
牺牲	品
犀	利	牛
犒	劳
犬	夜叉
犯	罪	规	了	人	错	法	错误	下
犯罪	分子	行为	案件
犯错	误
状	态	况	元	告
状态	栏
犹	豫	如	太
犹太	人
狂	热	欢	暴	人	奔	野	风	妄
狂风	暴雨
狐	狸	疑
狐狸	精
狒	狒
狗	狗	屁	日	屎	肉	熊	粮	头
狗仔	队
狙	击
狙击	手
狠	狠	心	抓	毒
狡	猾	辩	诈
狩	猎
独	立	特	自	家	有	到	裁	享
独具	特色
独特	性
独立	性	董事	显卡	思考	自主
独裁	者
狭	窄	隘	小	义	长
狮	子
狮子	座
狰	狞
狱	中
狼	狈	群	人	王	狗
猎	人	头	物	手	奇	豹	杀	枪
猖	獗	狂
猛	烈	然	地	男	增	虎	涨	兽
猜	测	想	到	猜	疑	对	出	中
猝	死
猥	琐	亵
猩	猩
猪	头	猪	肉	八戒	年	蹄	圈	肝
猪肉	价格
猫	猫	咪	扑	腻	儿	眼	狗	粮
献	给	血	身	上	出	爱心	礼	唱
猴	子
玄	机	武	幻	奘	德	关	妙
率	先	领	达	为	高	低	真	性
玉	米	石	器	林	女	龙	溪	兰
玉米	价格
玉龙	雪山
王	子	菲	朝	国	者	道	力宏	先生
王八	蛋
王力	宏
王家	卫
王小	波	丫
王府	井
王永	庆
玛	丽	雅	瑙
玛丽	亚
玩	家	玩	笑	具	意	游戏	的	过
玩意	儿
玫	瑰
玫瑰	花
环	境	保	节	球	绕	比	评	形
环保	局	部门	总局	型	意识
环境	保护	污染	卫生	问题	质量	友好	影响	变量
环形	山
环球	时报
现	在	场	实	象	代	有	金	状
现代	化	人	社会	农业	科技	文明	医学	性
现在	又	开始	流行
现场	直播	会
现实	生活	主义	意义
现状	及
现货	市场
现金	流	流量
现金流	量
玲	珑	玲
玷	污
玻	璃
玻璃	窗	瓶	杯	钢	门
珊	瑚	珊
珊瑚	虫
珍	惜	贵	珠	藏	品	宝	稀	爱
珍惜	生命
珍珠	粉	港
珠	海	宝	江	三角	峰	子
珠江	路
珠海	市
班	级	主任	长	车	子	上	里	组
班子	成员
球	员	队	迷	场	星	衣	赛	球
理	解	论	由	想	念	性	财	智
理事	会	长
理发	店	师
理工	大学	科	学院
理想	主义	化	信念
理论	研究	体系	基础	知识	学习	创新	家
理财	产品
琉	璃	球
琐	碎	事
琢	磨
琥	珀
琥珀	色
琦	琦
琪	琪
琳	琳	娜
琴	声	弦
琵	琶
琼	瑶	斯
瑕	疵
瑜	伽	珈
瑞	星	士	典	安	丽	银	金
瑟	瑟
瑰	丽	宝
瑶	池	瑶
璀	璨
璐	璐
瓜	子	分	果	瓜	葛
瓦	斯	解	尔	片
瓶	子	颈	装	盖
瓷	砖	器
甄	别
甘	肃	心	蔗	愿	草	露	甜	油
甘肃	省
甚	至	至于	是	少	远	为	多	或
甚至	连	于
甜	蜜	美	甜	头	食	点	品	味
甜甜	的
甜蜜	蜜
生	活	产	命	气	日	意	成	存
生下	来
生产	线	企业	力	基地	能力	经营	商	厂家
生产厂	家	商
生化	危机
生命	力	周期	危险	安全	中最	线	科学
生存	环境	空间	状态
生态	环境	系统	旅游	建设	文明	农业	学	保护
生意	人
生成	器
生日	快乐	礼物
生殖	器	健康
生活	方式	费	水平	质量	习惯	环境	条件	里
生物	学	技术	钟	柴油	工程	医药	化学	质
生理	学
生生	不息
生育	保险
生长	发育	因子
用	户	于	来	户名	过	的	心	力
用人	单位
用得	着
用户	名	提供	可以	体验	数	界面	群	需求
用手	机
用水	量
用电	脑
用的	是
甩	了	掉	开	卖
田	亮	间	野	园	径	地	里	中
由	于	此	来	于其	衷	市	他	其
由于	其
由来	已久
由此	可见
甲	方	醛	醇	板	乙	基	级	鱼
申	请	报	购	请人	诉	花	办	明
申报	表
申花	队
申请	人	表	书	者	材料	单	加入
电	话	脑	影	视	子	信	池	源
电信	业	公司	局	业务	企业	行业
电信业	务
电力	公司	系统	行业	企业	供应
电动	车	机	汽车
电子	商务	邮件	书	版	政务	产品	杂志	竞技
电容	器
电影	院	节	里	票	公司	版	免费	人
电源	线	管理
电灯	泡
电瓶	车
电磁	炉	波	辐射	场	阀
电线	杆
电脑	城	前	里	报	屏幕	桌	游戏	公司
电视	剧	台	机	节目	里	购物	广告	卡
电解	铝	质
电话	号码	里	费	线	联系	卡	机	本
电路	板	图
男	人	生	朋友	子	孩	女	性	友
男人	都	不	味
男女	主角	之间	平等	朋友	老少	关系
男子	汉
男孩	子	儿
画	面	家	画	质	图	廊	出	像
畅	通	销	谈	游	快	想
畅销	书
界	面	定	限	线	别
畏	惧
留	下	言	在	着	意	给	学	学生
留下	来
留学	生	人员
留守	儿童
留言	板	本
畜	生	禽	牧业	牧	产品	牲
畜牧	业	兽医
略	有	微	显	带	低
番	茄	禺	话	薯
番禺	区
番茄	花园	酱
畸	形	变
疏	忽	通	散	远	导	漏	于	离
疑	问	惑	似	虑	点	难	心	犯
疑难	问题
疗	效	法	程	伤	养
疗养	院
疗效	观察
疗法	治疗
疙	瘩
疟	疾
疤	痕
疫	苗	情	病	区
疯	狂	了	子	掉	狗	涨	癫
疱	疹
疲	劳	惫	倦	软	乏	弱
疲惫	不堪
疼	痛	爱	得
疾	病	患	风	苦
病	毒	人	情	例	变	房	因	理
病原	体
病患	者
病房	里
病毒	库	感染	性
病理	学
病虫	害
症	状	结
痉	挛
痊	愈
痒	痒
痔	疮
痕	迹
痘	痘
痛	苦	快	恨	心	哭	楚	经	得
痞	子
痤	疮
痱	子
痴	情	迷	心	呆	痴
瘙	痒
瘟	疫
瘢	痕
瘦	身	弱	肉	小	子	瘦
瘫	痪
癌	症	细胞
癖	好
癞	蛤蟆
癫	痫	狂
登	录	记	陆	上	场	山	入	台
登记	表	手续	注册	结算	机关	证
登陆	器
白	色	天	痴	领	白	云	酒	菜
白云	区	山
白日	梦
白白	的
白羊	座
白花	花
白雪	公主
白马	王子
百	度	姓	年	万	合	货	元	余
百万	富翁	元	像素
百事	可乐
百分	点	比	之	百	之一
百分之	百	十	一
百合	花
百家	讲坛
百年	来
百度	知道	搜索	贴吧
百思	买
百科	全书
百货	公司
的	人	话	事	确	新	是	心	一种
皆	有	是	为	可	知	因
皇	帝	马	后	上	家	冠	宫	子
皈	依
皎	洁
皑	皑
皓	月
皮	肤	鞋	带	革	球	皮	毛	包
皮下	组织
皮肤	病	过敏	科	干燥
皮脂	腺
皱	纹	眉	着	了	眉头
皱眉	头
盆	地	景	腔	栽	里	子
盈	利	盈	余	亏
盈利	能力	模式
益	于	处	气	阳	智	民
盎	司	然
盐	水	城	酸
监	督	控	管	测	狱	视	理	察
监事	会
监察	局	部
监护	人
监控	系统
监测	系统
监狱	里
监督	管理	检查	员	机制	工作
监管	部门	机构	工作	局
监视	器
盒	子	饭	装
盔	甲
盖	章	茨	子	上	住	过	着	楼
盗	版	贼	窃	号	用	取	墓	链
盘	中	子	点	面	整	旋	口	符
盛	大	世	会	行	开	宴	夏	典
盟	友	主	军	国
目	前	标	的	录	光	睹	标价	击
目击	者
目前	国内	市场
目录	下
目标	任务	价	管理	客户	市场
目的	性
盯	着	住	上
盲	目	人	点	区	从
直	接	到	播	至	线	销	径	观
直到	现在
直接	影响	关系	投资	进入	点击
直播	员
直肠	癌
直辖	市
直通	车
相	关	信	当	对	应	比	同	互
相互	作用	之间	关系	间
相似	之处	性
相信	自己	爱情
相关	部门	规定	信息	内容	性	资料	政策	专业
相对	来说	论	而言	湿度	人
相比	之下
盼	望	着	盼	头
盾	牌
省	级	政府	长	市	钱	委	份	内
省会	城市
省委	书记	常委
省略	号
眉	毛	头	目	眼
看	到	看	来	见	了	着	过	法
看上	去
看下	去
看不	到	见	懂	出	起	出来	清	惯
看不出	来
看不清	楚
看了	看
看出	来
看守	所
看完	了
看得	出	见	到	起
看清	楚
看病	难
看看	吧
看着	我	他	你	办
看起	来
看过	来
真	的	是	正	实	诚	好	相	心
真不	知道
真主	党
真人	秀	版
真实	性	情况	姓名	身份	写照
真心	话
真是	太
真正	做到	原因
真的	很	吗	爱
真真	切切
眨	眼
眩	晕	目
眯	着
眷	恋	顾	属
眸	子
眺	望
眼	睛	前	泪	神	光	里	镜	中
眼珠	子
眼睛	里
着	急	力	手	重	呢	实	眼	装
着力	点
睁	开	大	眼	着	不开
睁开	眼睛
睡	觉	眠	着	不着	吧	衣	醒	得
睡眠	不足	时间
睡觉	前
督	促	查	导	办	察	军
督导	组
督查	组
睫	毛
睫毛	膏
睾	丸
睿	智
瞄	准
瞅	瞅	着
瞌	睡
瞎	说	子	忙	扯	了	掰	猜	搞
瞒	着
瞥	见
瞧	瞧	不起	着	见
瞩	目
瞪	着	大	了
瞬	间	时
瞳	孔
瞻	仰
矗	立
矛	盾	头
矛盾	纠纷
矜	持
矢	量
知	道	识	名	情	己	足	晓	音
知名	度	品牌	企业	人士
知情	权	人	者
知识	产权	分子	点	库	管理	面	经济	结构
知道	自己	吗
矩	阵	形
矫	正	情	健
短	信	期	线	暂	短	缺	消息	片
短信	息
短时	间
短时间	内
短短	的
短篇	小说
矮	人	子	小
石	头	油	化	家庄	材	榴	子	块
石家庄	市
石油	公司	化工	价格
矿	工	山	业	泉水	物	石	井	物质
矿产	资源
矿物	质
码	头	字	率
砂	锅	浆	石
砍	价	死	掉	伐	下	柴	人	刀
砒	霜
研	究	发	制	讨	读	磨	修	判
研制	出	成功
研发	中心	部	人员
研究	生	所	院	员	中心	人员	进展	报告
研究生	院
研讨	会
砖	头	窑	石
砝	码
破	坏	解	产	碎	裂	灭	了	烂
破坏	性	力
破碎	机
破解	版
砸	了	死	门	在
硅	谷	胶
硒	鼓
硕	士	大	果
硕士	学位	生
硝	烟	酸
硫	酸	磺	化
硬	盘	件	币	是	度	化	要	性
硬件	配置	维护	设备	设施
硬盘	盒	空间
确	定	实	认	保	立	切	有	是
确定	性
碉	堡
碍	于
碎	片	了	石	碎	裂
碗	里	筷	饭
碟	子	片
碧	云	水	绿	玉	波	海
碰	到	撞	上	见	头	巧	面	了
碱	性
碳	纤维	酸
碾	压
磁	盘	带	场	性	悬浮	铁	头	卡
磁盘	阵列
磋	商
磐	石
磕	头
磨	损	合	练	难	砂	牙	蹭	砺
磨合	期
磷	酸
礁	石
示	范	意	例	意图	威	人	弱	爱
示意	图
示范	区	基地	工程	点	村
礼	物	拜	品	貌	仪	服	堂	节
礼拜	天	六	一	五
社	会	区	保	团	交	长	员	名
社会	主义	保障	发展	各界	化	保险	稳定	责任
社会学	家
社保	基金
社区	居民	建设	服务	网
社科	院
祈	祷	求	福
祖	国	先	宗	父	母	籍	师	上
祛	斑	除
祝	福	你	贺	愿	大家	您
祝福	你
神	秘	经	奇	话	仙	圣	情	舟
神农	架
神州	行	数码
神秘	感	面纱
神经	病	系统	质	网络	元	衰弱	痛
神采	飞扬
祠	堂
祥	和	云	子
票	房	价	据	数	子	务	面	票
祭	祀	奠	坛	司	祖	拜
祷	告
祸	害
禁	止	用	区	忌	不住	令	毒	锢
禁止	使用	下载
禅	师	宗
福	建	州	利	特	田	气	克斯	音
福利	彩票	待遇	院
福州	市
福建	省
福田	区
离	开	婚	去	职	不开	线	我	谱
离合	器
离婚	了
离家	出走
离开	家
离心	机
禽	兽	流感	类
禽兽	不如
秀	丽	才	秀	发	美	气	场	水
私	人	下	服	募	有	自	聊	营
私募	基金
私家	车
私房	钱
私有	化	财产	制
私立	学校
私营	企业
秃	子	头
秉	承	持
秋	天	季	风	水	冬	雨	千	日
种	种	子	类	植	族	田	地	群
种族	歧视
种植	面积	业
种类	型
科	技	学	学家	研	目	室	比	长
科学	家	技术	发展	研究	院	性	化	知识
科幻	片
科技	创新	进步	园	发展	成果	部	含量	人员
科技园	区
科研	成果	人员	机构	项目	工作	单位
秒	钟	杀	后	内
秘	密	书	诀	籍	方	鲁	笈	法
秘书	长	处
租	金	房	赁	用	车	房子	了	借
租房	子
秦	国	岭	王	汉	桧	淮	朝
秩	序
积	极	分	累	极性	蓄	水	压	聚
积分	榜
积极	性	参与	开展	探索	作用	主动	参加	向上
称	为	呼	号	赞	作	谓	得上	其
秸	秆
移	动	民	植	交	到	除	送	位
移动	硬盘	通信	电话	用户	到	公司	设备	电视
移民	局
稀	饭	有	缺	释	少	罕	奇	土
稀奇	古怪
程	序	度	式
程序	员	设计	运行
稍	微	等	后	有	稍	加	大	显
税	收	务	率	费	款	金	后	法
税务	机关	局	登记
税收	政策	优惠	征管	收入
稚	嫩	气
稳	定	定性	健	步	重	固	妥	住
稳定	性	发展
稻	草	谷	田	米
稻草	人
稽	查	核
稿	件	子	费	酬
穴	位
究	竟	其
穷	人	苦	得	困
空	间	调	气	中	白	军	格	虚
空手	道
空气	质量	污染
空调	维修
空间	站
穿	着	过	上	越	的	了	梭	透
穿衣	服
穿越	时空
穿透	力
突	然	破	出	发	击	变	出问题	围
突出	问题	贡献	重点
突击	队
突发	事件	性
突然	间	想起	觉得	出现
突破	口	性
窃	取	听	喜	贼
窄	幅
窈	窕
窍	门
窑	洞
窒	息
窗	口	户	外	帘	体	前	台	口中
窗口	中
窘	迫	境
窝	里	囊	点	窝
窟	窿
窥	视	探
窦	唯
立	即	刻	场	法	足	马	体	项
立交	桥
立体	声	感
立方	米
竖	起	立	着
站	在	点	长	起来	着	内	出来	立
站起	来	身
竞	争	赛	选	技	价	标	相	猜
竞争	力	对手	优势	者	激烈	能力	性	环境
竞价	排名
竞技	场	体育
竟	然	是	有	敢	也	被	会	能
章	子怡	节	程	鱼	法
竣	工
竣工	验收
童	年	话	装	子	心	工	童	谣
童话	故事
竭	力	诚
端	口	正	子	着	午	庄	倪	起
端午	节
端口	号
竹	子	林	竿	炭	笋	叶
笑	话	容	了	着	笑	道	得	声
笑了	笑
笑傲	江湖
笑着	说
笔	者	记	试	下	笔	画	录	钱
笔记	本
笙	歌
笛	子
符	合	号	文	咒
符合	条件	国家
符文	布
笨	蛋	拙	重	猪	的
第	一	一次	二	三	二天	四	二次	一天
第一	次	天	时间	位	步	批	部	名
第一季	度
第一部	分
第七	届	章	条	次
第三	方	次	者	届	季度	章	天	季
第三季	度
第三部	分
第九	届	条	章	次
第二	天	次	届	章	种	大	代	轮
第二季	度
第二部	分
第五	届	章	次	条	代
第八	条	届	章	次
第六	届	章	条	次	感
第十	届	二	条	一条	四条	三条	七	五条
第十一	条	届
第十七	条
第十三	条
第十二	条	届
第十五	条
第十四	条
第四	届	章	次	季度	条	代	季	大
第四季	度
笼	罩	子	统
等	等	待	级	着	于	到	你	我
等着	你
等离子	体
等等	等等
等级	考试
筋	骨
筒	子
答	案	应	复	辩	题	疑	道	谢
答应	我
策	略	划
策划	人
筛	选	查
筷	子
筹	码	备	划	建	集	资	措	办
筹备	工作
筹集	资金
签	名	订	证	约	署	字	定	发
签名	档
签字	仪式
签约	仪式
签订	合同
简	单	直	历	介	洁	化	称	易
简体	中文	字
简单	化
算	了	是	法	不算	算	什么	命	不上
算起	来
管	理	道	制	辖	他	用	家	委会
管理	员	层	人员	者	部门	局	工作	办法
管理人	员	才
管理学	院
管理费	用
管理部	门
管辖	权
箭	头
箱	子	体	内	包
箱子	里
箴	言
篇	文章	幅	章
篝	火
篡	改
篮	球	板	子	球场	下	球队	协	球赛
篮球	场	队	赛
篱	笆
簇	拥
籍	贯
米	兰	饭	的	粉	米	国	线	高
类	型	似	别	比	库	推	风湿	中
粉	丝	色	红	碎	红色	末	底	刺
粉丝	们
粉红	色
粑	粑
粒	子	度
粗	糙	暴	略	鲁	大	口	心	俗
粘	贴	膜	度	液	在	帖	性	土
粟	裕
粤	语	菜
粪	便
粮	食	油	价	仓	草
粮食	生产	安全	局
粳	米
粽	子
精	神	彩	力	英	品	灵	华	心
精力	充沛
精华	区
精彩	瞬间
精心	设计	组织
精确	度
精神	病	状态	文明	世界	生活	面貌	病人	文化
精神病	院	人
精简	版
精细	化	化工
精细化	工
精装	修
糊	涂	弄	口	状	糊
糕	点
糖	果	糖	水	类	浆	分
糜	烂
糟	糕	蹋	粕
糯	米
系	统	列	数	主任	里
系列	产品	活动	之
系统	工程	性	集成	设计	盘	文件	资源	化
系统性	能
紊	乱
素	质	材	养	描	有	食	以	素
素质	教育
索	尼	引	爱	性	赔	取	要	道
紧	张	急	紧	密	接着	缩	凑	缺
紧凑	型
紧密	结合	联系
紧急	通知	情况
紧紧	围绕	抓住
紧迫	感	性
紫	色	光	外线	金	薇	罗兰	菜	霞
紫外	线
累	计	死	积	得	累	赘	加	坏
繁	荣	华	体	殖	忙	琐	多	重
繁体	字
纠	纷	正	缠	结	葛	错
纠缠	不清
红	色	包	军	酒	旗	了	尘	外
红十字	会
红外	线
红楼	梦
红灯	区
红烧	肉
红红	的
红色	旅游
红颜	知己
纤	维	细	纤	体
纤维	素
约	定	束	会	为	翰	占	好	有
约束	力	机制
约翰	逊
级	别	的	以上	数	联
纪	念	录	律	委	实	要	检	委书记
纪委	书记
纪录	片
纪律	检查
纪念	馆	品	日	碑	活动	币
纪检	监察
纬	度
纯	粹	洁	属	真	净	正	情	净水
纯净	水
纱	布	窗	线
纲	领	要
纳	入	米	闷	税	粹	兰	什	达尔
纳税	人	申报
纳米	技术
纵	横	向	然	容	观	深	使	队
纵横	交错
纷	纷	争	繁	飞	乱
纸	张	条	上	箱	巾	质	业	币
纹	理	身	路
纺	织
纺织	品	服装	业
纽	约	带	曼	扣
纽约	时报	市
线	路	程	索	条	上	性	下	圈
线路	板
练	习	级	练	功	到	就	过	得
练习	题
组	织	成	合	建	件	队	长	委会
组成	部分	员
组织	实施	者	开展	部	结构	机构	领导	工作
组织部	门	长
绅	士
细	节	胞	致	菌	腻	心	化	细
细分	市场
细细	的
细胞	凋亡	膜
细菌	感染	性
织	物	女	造
终	于	端	止	身	究	极	结	点
终于	找到	明白
终极	目标
终点	站
终结	者
绊	倒
绍	兴
绍兴	市
经	济	常	验	过	历	营	理	典
经典	之作
经办	人
经常	性	出现
经济	发展	学	增长	学家	效益	社会	建设	损失
经济体	制
经济学	家	院
经理	人
经纪	人	公司
经营	者	管理	权	活动	性	理念	模式	企业
经贸	合作	委	关系
经销	商
经验	丰富	值	教训	交流	者
绑	定	架	在	匪
绒	毛	布
结	果	婚	束	构	合	论	局	算
结合	起来	实际
结婚	后	证	照	前
结构	性	调整	化	设计	图
结果	显示	表明
结核	病
绕	过	着	道	开	行	月	到	组
绘	画	制	图
给	我	你	他	予	她	人	出	了
给了	我	他	你
给人	以
给你	看	的
给我	发
绚	丽	烂
绝	对	不	望	大多数	迹	大部分	非	缘
绝大	多数	部分
绝对	不会	不是	不能	优势	值
绝无	仅有
统	一	计	治	统	筹	领	称	帅
统一	管理	战线	思想
统战	部
统治	者	阶级
统计	数据	局	学	表	分析	工作	数字	报告
绣	花
继	续	承	而	电器	父	发	母	位
继发	性
继承	人
继续	努力	教育
绩	效	优
绩优	股
绩效	考核	管理
续	费	集	约	签	航	传	写
绯	闻	红
绰	号
绳	子	索
维	护	持	修	权	系	度	尔	和
维修	站	人员
维和	部队
维基	百科
绵	阳	绵	羊	延	竹
绵阳	市
绷	带	紧
绸	缎
综	合	述	艺	指	观
综合	性	征	素质	治理	症	实力	利用	分析
综艺	节目
绽	放
绿	色	化	茶	地	洲	叶	豆	卡
绿化	带
绿色	食品	版	通道	环保
绿豆	汤
缄	默
缅	甸	怀
缆	车
缓	解	慢	缓	存	冲	和	刑
缓冲	区
缓解	压力
缔	造	结
编	辑	号	码	程	写	制	译	剧
编码	器
编程	语言
编译	器
编辑	器	部
缘	分	故	份	由	于	何	起
缜	密
缝	隙	合	制	纫
缝纫	机
缠	绵	绕	着	身	住
缤	纷
缥	缈
缩	小	短	写	水	减	影	放	量
缭	绕
缴	纳	费	税	存	获	款
缺	乏	少	点	陷	口	失	席	氧
缺血	性
罂	粟
罐	头	子
网	站	络	上	友	页	吧	址	民
网上	银行	购物	交易	报名	下载	支付	看	邻居
网友	评论	上传	观点
网球	场
网站	建设	推广	源码	地址	内容	系统	优化	设计
网络	游戏	传播	营销	安全	媒体	技术	广告	版
网页	设计	制作
罕	见
罗	马	嗦	技	斯	列	汉	湖	衣
罗斯	福
罗杰	斯
罗湖	区
罗马	尼亚	帝国
罚	款	球	单	下	金
罢	了	工	免	休
罩	杯	着
罪	恶	犯	名	行	过	人	孽
置	于	业	顶	换	身	入	疑	信
署	名
罹	患
羁	押	绊
羊	肉	毛	群	羊	皮	绒	水	城
羊毛	衫
羊肉	串
美	国	女	丽	元	好	人	国人	食
美中	不足
美人	鱼
美元	兑
美国	人	政府	经济	总统	队	市场	国会	股市
美好	生活
美容	院	美发	师
美术	馆	学院
美洲	杯
美誉	度
羔	羊
羚	羊
羞	涩	辱	耻	愧
羟	基
羡	慕
群	众	体	里	发	组	岛	山	星
群众	利益	性	演员
群发	软件
羽	毛	翼	衣	泉	绒
羽毛	球
羽绒	服
翅	膀
翔	实
翘	起	首	翘
翠	绿	花	翠
翡	翠
翩	翩
翩翩	起舞
翰	林
翱	翔
翻	译	了	页	身	唱	新	番	开
翻出	来
翻译	成	公司
翻过	来
耀	眼
老	师	婆	板	公	大	子	人	是
老人	家
老友	记
老城	区
老大	哥	爷
老天	爷
老太	太	婆
老头	子	儿
老婆	婆
老实	人	话
老师	教
老年	人
老板	娘
老爷	子	爷
老爸	老妈
老版	本
老虎	机
老龄	化
考	虑	试	生	察	核	研	验	上
考上	大学
考古	学家
考察	团
考试	成绩	时间	大纲	中心	科目	试题
者	也
而	且	已	是	言	不是	不	在	又
而不	是
耍	赖	耍
耐	心	力	用	性	克	磨	久	不住
耐药	性
耕	地	耘	作	种
耗	费	子	材	时	尽	资	电	电量
耗电	量
耦	合
耳	机	朵	边	光	环	塞	麦	鸣
耳朵	里
耶	稣	夫	律	鲁
耶鲁	大学
耷	拉
耸	立
耻	辱	笑
耽	误	搁	于	美
耿	直
聆	听
聊	天	聊	聊天	过	得	到	着	起
聊天	室	记录
聊聊	天
职	业	工	位	责	务	能	场	员
职业	教育	生涯	道德	化	病	培训	学校	发展
职务	犯罪
职工	工资
职能	部门
联	系	合	盟	想	通	赛	络	手
联合	国	会	起来	体
联想	集团
联盟	杯
联系	人	方式	电话	起来
联络	员
联谊	会
联邦	政府
聘	请	用	任	为
聚	会	集	焦	合	餐	聚	在	居
聚合	物
聚集	地
聪	明	慧
聪明	人	才智
肃	穆
肆	意	虐
肇	事	庆
肇事	者
肉	体	麻	类	肉	眼	鸡	质	丝
肋	骨
肌	肤	肉	瘤	体
肖	像	邦
肚	子	皮	脐	里	肚	兜
肚子	里	疼	痛	上
肚皮	舞
肛	门	交
肝	脏	肾	癌	炎	硬化	病	功能	细胞
肠	胃	道	子	炎
股	票	市	份	价	东	权	民	改
股东	大会	会
股份	公司	制
股市	场
股指	期货
股改	方案
股权	转让	激励	投资	结构
股票	市场	价格	交易	投资	基金
肢	体	解
肤	色	浅	质
肥	胖	料	肉	皂	肥	大	沃	猪
肥皂	剧
肩	膀	上	负	头	部	带
肮	脏
肯	定	尼亚	恩
育	种	苗	儿	人	才
肺	癌	炎	部	结核	腑
肾	脏	虚	病	功能	炎	结石
肿	瘤	胀	块	大
胀	痛
胁	迫
胃	口	肠	癌	病	肠道	痛	酸	部
胃肠	道
胆	子	小	量	怯	大	汁	识	囊
胆小	鬼
背	景	后	着	叛	影	面	上	包
背景	音乐	色
胎	儿	盘	教	动
胖	子	胖
胚	胎
胜	利	负	任	过	出	地	诉	于
胜利	者
胡	子	说	乱	萝卜	同	扯	适	须
胡同	里
胡椒	粉
胡萝卜	素
胡锦涛	在
胭	脂
胰	腺癌	腺
胰腺	癌
胳	膊
胶	囊	片	水	卷	带	原	布	质
胶原	蛋白
胸	部	前	口	怀	膛	罩	围	脯
能	够	力	否	源	量	在	让	有
能做	什么
能力	强	建设	差
能源	消耗
脂	肪	质	蛋白
脂肪	肝	酸
脆	弱
脉	冲	络	搏	动
脊	柱	梁	髓	椎	背
脏	话	器	腑	兮兮
脐	带
脑	袋	子	海	海里	筋	中	壳	后
脑子	里
脑海	里
脖	子	颈
脚	本	步	下	印	上	趾	跟	踝
脚本	语言
脚步	声
脚趾	头
脚踏	实地
脱	离	落	了	下	掉	机	发	水
脱光	了
脱衣	服	舞
脱贫	致富
脸	上	色	红	部	皮	蛋	颊	庞
脸皮	厚
脾	气	胃
腊	肉	月
腋	下
腌	制
腐	败	蚀	烂	朽	化
腐蚀	性
腐败	分子	现象
腔	调	内
腕	表
腥	味
腮	红
腰	带	部	包	间	痛	围	椎	上
腹	部	泻	痛	地	腔	肌	中	胀
腹腔	镜
腺	癌	体
腻	子	味
腼	腆
腾	讯	飞	出	空	龙
腾讯	公司
腿	上	部	脚
膀	胱	子
膏	药
膜	拜
膝	盖	关节
膨	胀
膳	食
臀	部
臂	膀
臃	肿
臆	想
自	己	然	动	由	身	我	信	从
自个	儿
自主	创新	品牌	研发	权	开发	招生	创业	性
自习	室
自以为	是
自信	心
自制	力
自动	化	更新	生成	档	对焦	运行	控制	播放
自助	餐	游
自卫	队
自古	以来
自学	考试
自定	义
自尊	心
自己	喜欢	做	写	动手	人
自强	不息
自有	资金	品牌
自来	水
自治	区	州	县
自然	界	灾害	资源	科学	环境	人	景观	条件
自由	主义	自在	基	度	选择	行	化	人
自行	车
自觉	性	遵守
自认	为
自豪	感
自身	建设
自顾	自
自驾	游	车
臭	臭	美	味	豆腐	氧	屁	虫	气
至	少	于	今	此	上	尊	极	爱
至尊	宝
至高	无上
致	力	使	命	富	电	敬	死	辞
致病	性
舅	舅	妈
舆	论
舆论	监督
舌	头	尖	苔
舍	不得	得	弃	友	瓦	身	利
舒	服	适	畅	缓	淇	展	坦	心
舒适	性	度
舔	舔
舜	天
舞	台	蹈	曲	动	会	者	步	厅
舞台	剧
舟	山
航	空	班	天	线	母	行	运	海
航天	员	飞机
航班	查询
航空	公司	航天	运输	业
般	的	地	配	若
舰	队	艇	船
舱	位
舵	手
船	舶	上	长	只	员	公司	队	厂
良	好	心	性	知	种	机	久	药
良好	形象
良性	循环
艰	难	苦	辛	巨	险
艰苦	奋斗
色	彩	情	狼	调	素	泽	斑	戒
艳	丽	遇	照	阳	羡
艺	术	人
艺术	家	品	节	团	学院	性	照	作品
艾	滋	伦	瑞	尔
艾滋	病
节	目	日	点	奏	能	约	省	后
节奏	感
节日	快乐	期间
节目	组
节约	能源
节能	环保	灯
芊	芊
芋	头
芍	药
芒	果
芙	蓉
芙蓉	姐姐
芜	湖
芝	麻	士
芥	末
芦	荟	苇
芬	兰	芳
芭	蕾	比	蕉
芭蕾	舞
芯	片
芯片	组
花	园	钱	费	花	生	朵	样	开
花旗	银行
花样	年华
花生	米	油	壳
花花	公子	草草
花钱	买
芳	香	草	芳	心	华	菲	村
芹	菜
苍	白	蝇	天	老	凉	穹	茫	鹰
苏	州	联	宁	醒	格兰	丹	北	轼
苏丹	红
苏宁	电器
苏州	市
苗	条	木	族	头	苗	圃	子
苛	刻	求
苟	同
若	干	是	有	要	不	能	不是	无
若不	是
若干	问题	意见
若无	其事
若有	所思
苦	难	恼	苦	笑	涩	闷	力	瓜
苯	苯
英	语	文	国	雄	特尔	寸	格兰	超
英国	人	政府	伦敦	首相
英文	版	名	歌	字母	名字	名称
英文名	字	称
英格兰	队
英语	学习	水平	教学	口语	专业	四级	课	老师
英雄	无敌
苹	果
苹果	公司	电脑
茂	名	盛	密
范	围	畴	冰冰	例	文	本	尼	式
范围	之内
茄	子
茅	台
茉	莉
茉莉	花
茫	然	茫
茫茫	人海
茶	叶	馆	水	杯	几	楼	道	壶
荆	州	棘	门
荆棘	谷
草	原	案	莓	地	根	坪	草	稿
荐	股
荒	唐	谬	凉	芜	废	诞	野	漠
荔	枝
荞	麦
荟	萃
荡	漾	妇
荣	誉	获	幸	耀	辱	华	登	膺
荣誉	称号
荣辱	观
荧	光	屏	幕
荨	麻疹
药	物	品	店	水	业	材	剂	房
药物	治疗
药监	局
荷	兰	花	叶	载	包
荷兰	人	队
莅	临
莆	田
莉	莉
莎	莎	拉
莘	庄
莫	非	名	斯科	过于	大	属	不	言
莱	卡	特	茵	斯	芜
莲	花	子	蓬
获	得	取	悉	利	奖	胜	准	知
获利	盘
获奖	者	名单	作品
获得	更多	成功	者
莹	莹
莺	莺
菁	菁
菊	花
菌	种	株
菏	泽
菜	单	鸟	刀	肴	市场	谱	菜	场
菜单	中	栏
菠	萝	菜
菩	萨	提
菱	形
菲	菲	尔	戈	儿
萃	取
萌	芽	萌	生	发
萎	缩	靡
萝	卜	莉
营	销	养	造	业	运	地	收	救
营业	部	厅	执照	额	员	税	收入	网点
营养	不良	素	成分	价值	物质	师	品
营销	策略	模式	人员	策划	部	网络	活动
萦	绕	回
萧	山	萧	条	瑟	峰	蔷
萨	满	尔	拉	克斯	特
落	实	后	在	地	户	叶	下	伍
落实	情况
落脚	点
著	名	作	称	述
著作	权
著作权	人
著名	作家	导演	品牌
葛	优
葡	萄
葡萄	酒	牙	糖
董	事	卓	洁	秘
董事	长	会	局
董事长	兼
葫	芦
葫芦	岛
葬	礼	送
葱	花
葵	花
蒙	古	牛	蔽	上	蒙	古人	受	面
蒙古	族	人
蒸	汽	气	发	好	熟	馏
蒸发	器
蓄	电池	水	意	势
蓉	蓉
蓝	色	牙	天	筹	屏	光	图	宝石
蓝天	白云
蓝宝	石
蓝牙	耳机
蓝筹	股
蓦	然
蓬	勃	莱	松
蓬勃	发展
蔑	视
蔓	延
蔗	糖
蔚	蓝
蔡	琴
蔬	菜	果
蔷	薇
蕃	茄
蕴	含	藏	涵
蕾	丝	蕾
薄	弱	膜	荷
薄弱	环节
薇	薇
薪	水	酬	资	金
薯	片	条
藏	在	族	着	獒	书	品	起来	身
藐	视
蘑	菇
虎	门	子	口	皮	头
虐	待
虔	诚
虚	拟	假	伪	空	弱	幻	构	荣
虚假	广告
虚拟	机	主机	化	内存	光驱	世界	货币
虚荣	心
虫	子	虫	草
虱	子
虹	桥	口
虽	然	说	有	是	不	已	小	未
虾	米	仁
蚂	蚁
蚊	子	香	帐	虫
蚌	埠
蚕	食	豆
蚩	尤
蚯	蚓
蛀	牙	虫
蛇	口
蛊	惑
蛋	糕	白	蛋	黄	炒饭	清	壳	挞
蛋白	质
蛐	蛐
蛔	虫
蛟	龙
蛤	蟆
蛮	好	大	横	快	荒
蜀	山	国
蜂	蜜	窝	拥	胶
蜈	蚣
蜕	变
蜗	牛
蜘	蛛
蜘蛛	侠
蜜	蜂	月	糖
蜡	烛	笔
蜡笔	小新
蜥	蜴
蜷	缩
蜻	蜓
蜿	蜒
蝈	蝈
蝉	联
蝌	蚪
蝎	子
蝗	虫
蝙	蝠
蝙蝠	侠
蝴	蝶
蝴蝶	结
蝶	舞	衣
螃	蟹
融	合	资	入	化	洽	通	券
融资	渠道
螳	螂
螺	丝	旋	栓	纹	钉	母
螺丝	刀
螺旋	藻
蟋	蟀
蟑	螂
蟾	蜍
蠕	动	虫
血	液	管	色	腥	压	清	统	糖
血汗	钱
血流	量
血液	循环
血红	蛋白
血缘	关系
行	业	为	动	情	政	程	驶	走
行业	协会	发展	标准	龙头	资讯	管理	自律
行为	人	规范	艺术	准则
行之	有效
行动	计划
行政	部门	执法	管理	机关	处罚	许可	区域	主管
行政区	域	划
行政法	规
行政部	门
行李	箱
行驶	证
衍	生	生物	生出	射
衍生	物	出	品
衔	接
街	道	头	上	区	边	舞	机	坊
街头	篮球
衙	门
衡	量	阳	水	山
衢	州
衣	服	物	着	裳	柜	衫	袖	架
衣食	无忧
补	充	丁	贴	偿	助	上	考	课
补习	班
补偿	费	金
表	示	现	达	明	情	演	面	格
表决	权
表彰	大会
表演	者
表现	出	出来	形式	力	手法
表现出	来
表示	感谢
表达	式	自己	方式	能力
衬	衫	衣	托
衰	老	退	落	减	竭	弱	败
衷	心
袁	泉	绍
袅	袅
袋	子	鼠	装
袍	子
袖	子	珍	口
袜	子
被	人	动	告	迫	我	子	你	他
被偷	拍
被删	除
被告	人
被子	里
被害	人
袭	击	来	人
裁	判	员	缝	决	定	剪	减
裁判	员
裂	缝	纹	开	痕	解
装	备	修	置	饰	上	扮	机	好
装修	公司
装机	容量
装甲	车
装饰	公司	品	材料	装修
裙	子
裤	子	衩	裆
裸	体	奔	照	露	聊	睡	女
裹	着
褐	色
褪	去	色
褶	皱
襄	樊	阳
西	安	方	藏	部	瓜	北	南	湖
西北	部	地区
西南	地区	部
西城	区
西安	市
西方	国家	人	文化
西游	记
西班牙	语	人
西西	里
西部	地区
西门	子	庆
西餐	厅
要	求	是	不	么	去	不要	有	把
要不	要	然	是	得
要做	什么
要多	久
覆	盖
覆盖	面	率	范围
见	到	面	过	识	证	解	你	不到
见不得	人
见怪	不怪
见面	会
观	点	众	察	念	看	望	赏	测
观众	席
观察	员	者
观赏	性
规	定	划	范	模	则	律	格	矩
规划	设计	建设	局	纲要	编制
规律	性
规格	型号
规模	最大	化	以上
规章	制度
规范	化	管理	性
觅	食
视	频	为	觉	野	线	角	察	图
视觉	效果	冲击
视频	播放	文件	网	会议	聊天	教程	格式
觉	得	得很	悟	的	醒	着	察	觉
觉得	自己	很
觊	觎
角	度	色	落	逐	膜	球	质
角度	看
角落	里
角质	层
解	决	释	除	析	放	答	读	压
解决	方案	问题	办法	方法	好
解压	缩
解放	军	思想	前	后	战争	碑	路
解码	器
解说	员
解除	合同
触	发	摸	动	及	犯	电	碰	角
触发	器
触摸	屏	板
言	论	语	行	辞	情	谈	说	之
言情	小说
言论	自由
誉	为
誓	言	死
警	察	方	告	惕	车	示	官	报
警察	局
警戒	线
譬	如
计	划	算	较	费	量	入	数	生
计划	生育	经济	书
计数	器
计时	器
计生	委	工作
计算	机	器	方法	出	公式	结果
计算机	系
订	单	阅	购	货	票	立	婚	了
订单	号
认	为	识	真	证	可	定	同	知
认为	自己
认同	感
认沽	权证
认真	学习	做好	落实	贯彻	负责
认知	度
认证	机构
认识	自己
认购	权证
讥	讽	笑
讨	论	厌	好	伐	回	教	债	薪
讨论	区	会
让	我	人	你	他	她	它	您	步
让人	感动
训	练	斥
训练	营	场	基地	师
议	案	论	会	员	题	程	长	事
议事	日程
议论	纷纷
讯	息	号	问
记	者	得	录	忆	住	载	号	下
记不	清
记事	本
记住	我
记录	下来	片
记得	你
记忆	力	棒	卡
记者	采访	问	会	刘	王	李	张
讲	话	述	究	座	解	课	的	讲
讲的	是
讲话	精神
讴	歌
许	多	可	多人	久	巍	愿	诺	下
许可	证
许多	人
论	坛	文	证	述	谈	点	题	断
论坛	里	会员
论文	集
讽	刺
设	计	置	备	立	定	施	想	有
设施	建设
设置	为	成
设计	师	院	理念	方案	者	风格	人员	公司
访	问	谈	华	客	美
访问	量	者
诀	窍
证	明	据	券	书	实	件	人	照
证券	公司	市场	投资	交易	法	业	化
证明	材料	文件	书
评	价	论	估	选	审	委	测	为
评价	体系	标准
评估	报告
评委	会
评论	家	员	内容
评选	活动
诅	咒
识	别	字	破	得
诈	骗
诉	讼	说	求	苦	诸	状
诉讼	请求
诊	断	所	治	疗
诋	毁
词	汇	语	典	库	霸	组	句	曲
词汇	量
译	文	者	成	本	名	为
试	试	验	图	用	点	过	试看	着
试点	工作
试用	期	版
试试	看
试验	研究	区	结果
诗	人	歌	词	意	句	集	文	中
诙	谐
诚	信	意	实	恳	心	挚	聘	邀
诚信	通
诚实	守信
诛	仙
话	题	说	费	语	筒	剧	来	音
话语	权
诞	生	辰
诟	病
诠	释
诡	异	计
询	问	价
该	公司	股	死	项目	如何	怎么	怎么办	机
该怎么	办	做
该文	件
该项	目
详	细	情	尽	见	解	谈	述
详情	请
详细	介绍	信息	资料	说明	情况	内容
诧	异
诬	陷	蔑
语	言	音	句	文	气	法	录	义
语文	老师	课	教学
语言	文明	文字	学	表达	包
误	会	解	差	导	区	诊	认为	读
误导	性
诱	惑	人	导	发	饵	因	骗
诱惑	力
说	话	明	了	法	过	的	是	说
说不	定	出	清	清楚	上	过去
说不清	楚
说了	算
说出	口
说到	底
说得	好
说明	书	什么
说服	力
诵	读
请	问	您	求	你	教	假	用	输入
请与	我
请在	此
请求	权
请给	我
请进	来
诸	多	如	位	葛	侯	暨	佛	神
诸如	此类
诸葛	亮
诺	顿	言	贝尔	夫	斯
诺贝尔	奖
读	书	者	取	过	完	写	到	研
读书	人
读博	士
诽	谤
课	程	题	堂	件	本	文	时	外
课堂	教学
课程	改革	设计	设置
课题	组	研究
谁	能	知道	都	也	说	来	是	有
谁也	不
谁叫	你
谁是	谁
谁知	道
谁让	你
谁都	会
调	整	查	用	节	研	试	控	动
调味	品	料
调查	显示	报告	研究	结果	组	表	问卷	取证
调研	报告	组
谅	解
谈	判	到	谈	话	论	恋爱	不上	起
谋	求	杀	划	生	取	略	面
谎	言	话	称
谐	音	波
谓	之
谚	语
谜	底	团	语
谢	谢	霆锋	绝	娜	晋	拉	过	幕
谢谢	了	大家	合作
谣	言	传
谦	虚	逊	卑	让	和
谨	慎	防
谩	骂
谬	论	误
谱	写
谴	责
谷	歌	底	子	物
豁	达	免	出去
豆	腐	豆	瓣	浆	子	油	粕	芽
豆腐	干
豌	豆
象	征	是	棋	个	我	你	牙	山
象征	性	意义
豪	华	宅	门	爽	情	杰	迈	放
豪华	车	版	型
豹	子
貂	蝉
貌	似
貔	貅
贝	贝	尔	壳	利	克	勒
贞	操	观	子	洁
负	责	担	面	荷	载	债	有	数
负责	人	制
负载	均衡
负面	影响	新闻
贡	献
贡献	率
财	务	富	政	产	经	神	力	物
财产	损失	权
财务	部	管理	报表	状况	报告	总监	人员	软件
财政	部	局	收入	部门	政策	预算	支出	资金
财政部	门	长
财经	大学
责	任	令	怪	备	成	骂	编	难
责任	感	人	制	心	编辑	追究	书	意识
责任人	员
贤	惠
败	类	坏	诉	家	德	笔	给
账	户	号	单	面	款	上	目	本
货	物	币	款	运	源	车	架	品
货到	付款
货币	政策	市场	基金
货物	运输
质	量	疑	感	地	问	检	保	的
质监	局
质量	问题	管理	安全	控制	好	标准	保证	监督
贩	卖	子	毒
贪	官	婪	污	心	图	玩	吃	欲
贪污	腐败	受贿
贫	困	穷	血	乏	富	瘠	寒	苦
贫困	地区	生	人口	学生	家庭	县	户
贫富	差距
贫民	窟
贬	值	低	义
购	买	物	房	置	车	入	票	进
购买	力	者
购房	者	合同
购物	中心	车
贮	存	藏
贯	彻	穿	通
贯彻	落实	执行	实施
贱	人	贱	货	卖
贴	子	图	近	在	吧	上	心	身
贵	州	族	阳	公司	宾	人	重	的
贵州	省
贵阳	市
贷	款
贷款	利率
贸	易	然
贸易	顺差	公司	商	伙伴	通	摩擦	逆差	壁垒
费	用	劲	率	力	心	事	时	城
贺	卡	岁	龙
贾	宝玉	母
贿	赂
赃	款	物
资	料	源	金	产	本	格	讯	助
资产	阶级	管理	重组	评估	规模
资料	片	库	图片
资本	市场	主义	家	金	运作
资格	证书	考试	审查	证	赛
资格证	书
资源	优势	配置	共享	整合	开发	丰富	库	节约
资讯	网
资金	投入	来源	链	量	管理	使用
赈	灾
赋	予	值
赌	博	场	注	气	球	徒
赎	回	罪
赏	识	析	月	金	赐	花
赐	教	予	给
赔	偿	钱	了	付	率	款	本
赔偿	责任	金
赖	以	斯	皮	着
赘	肉	述
赚	钱	了	到	取	得	点	大钱
赛	季	事	车	场	后	区	前	道
赝	品
赞	同	助	成	美	赏	扬	叹	誉
赞助	商
赠	送	品	与
赡	养
赢	得	利	家	取	球
赣	州
赤	裸	字	壁	道	脚	峰	身
赤裸	裸
赦	免
赫	赫	然	本	尔
赫赫	有名
走	了	到	向	进	势	出	过	路
走上	了
走下	去
走出	来	去	了
走到	一起
走势	图
走向	世界
走在	路上
走来	走去
走过	来	去
赴	美	台	港	京
赵	薇	本山	云	国	先生	敏	家	某
赶	紧	快	到	上	来	回	往	不上
起	来	码	到	床	点	诉	步	身
起名	字
起诉	书
起跑	线
趁	着	机	早	热
超	过	级	市	越	出	女	频	强
超低	价
超声	波
超大	型
超市	里
超级	女声	兔子	女生	无敌	大国
超能	力
越	南	多	狱	大	好	是	高	发
越多	越好
越来越	多	大	少	高	好	小
越秀	区
越野	车
趋	势	于	向	同	缓
趣	味	事	闻
趣味	性
足	够	球	以	协	迹	足	坛	了
足球	队	场	赛	比赛
趴	在	着	下
跃	进	居	升	上
跋	涉
跌	停	幅	破	倒	到	至	落	势
跌停	板
跑	到	了	步	去	跑	车	来	得
跑出	去
跑得	快
跑步	机
距	离	今
跟	我	你	着	踪	他	她	随	进
跟我	说	来
跨	越	国	度	过	行	入	平台	出
跨国	公司	企业
跪	在	下	求	着	地
路	上	线	径	过	由	边	口	面
路易	斯
路由	器
路线	图
路透	社
跳	舞	槽	水	楼	跃	出	动	出来
跳下	去
跳出	来
跳起	来
践	踏	行
跺	脚
跻	身
踉	跄
踊	跃
踌	躇
踏	实	上	板	入	空	进	着	雪
踢	球	出	得	足球	到
踩	踩	着	在	到	踏	死
踪	影	迹
蹂	躏
蹄	子
蹊	跷
蹒	跚
蹦	出
蹩	脚
蹲	在	下	着	点
躁	动
身	体	上	边	份	材	后	子	影
身份	证	证明	证件	验证
身份证	号	明	件
身体	健康	状况	素质
身心	健康
躯	体	干
躲	在	避	开	过	着	闪	到	藏
躺	在	着	下
车	辆	型	子	站	上	主	间	队
车友	会
车牌	号
轨	道	迹
轨道	交通
轩	辕
轩辕	剑
转	载	移	换	变	让	化	向	身
转化	成
转变	成
转型	期
转折	点
转换	成	器
转眼	间
转移	支付
转载	自	稿
转过	身	头
轮	胎	回	到	流	廓	子	椅	船
软	件	弱	化	硬件	盘	软	驱	体
软件	开发	园	公司	包	下载	企业	工程	产业
软硬	件
轰	动	炸	然	鸣
轰炸	机
轴	承	线	距	向	心
轻	松	轻	易	微	信	声	柔	薄
轻工	业
轻松	愉快
轻轻	松松
载	体	入	荷	着	波	人	客	重
载人	航天
载入	中
轿	车	子
轿车	市场
较	大	高	为	多	低	好	小	少
较好	的
辅	助	导	料	以	佐	食
辅导	员	班
辆	车
辈	子	份
辉	煌	映
辍	学
辐	射
输	入	出	给	送	液	球	掉	赢
输入	法	框	您	密码	输出
输出	功率
辖	区
辗	转
辛	苦	勤	酸	辣	劳	格
辛勤	劳动
辜	负
辞	职	典	去	退	掉	世
辟	谣	邪
辣	椒	妹	的
辨	别	认	证	识	析
辩	论	护	解	证
辩护	律师	人
辩论	赛
辩证	法
辫	子
辱	骂
边	缘	上	界	境	个	框	度	际
边缘	化
辽	宁	阔	足	阳	东
辽宁	省	队
达	到	成	不到	标	人	赖	能	尔
达到	高潮
达尔	文
达成	协议
达赖	喇嘛
迁	移	就	徙	入	到	出	往	都
迂	回	腐
迄	今
迄今	为止
迅	速	雷	猛	驰	捷
迅猛	发展
迅速	发展
迅雷	下载
过	去	来	程	了	于	分	多	度
过得	去
过敏	性	反应
过来	人
过渡	期
过滤	器
迈	出	进	克尔	向	克	入	上	着
迈克	尔
迎	接	来	合	战	面	春	着	风
运	行	动	用	营	作	气	输	动员
运作	模式	方式
运动	员	会	量	鞋	场	型	服
运算	符
运营	商	成本	模式
运行	机制	情况	速度
运载	火箭
运输	机
近	期	日	年来	来	几年	年	乎	代
近三	年
近两	年
近几年	来
近十	年
近年	来
近视	眼
返	回	还	工	乡	修	程	点	利
返回	值
还	是	有	要	在	没	好	能	会
还不	是	知道
还会	有
还好	吗
还是	很	没有	用
还有	什么	很多	一些	没有	谁
还真	是
这	个	样	么	些	里	种	是	次
这一	次	天	年	段	步
这三	个
这两	天	个	种
这个	问题	人	时候	世界	月	词	名字	家伙
这么	多	大	好	多年	久	做	多人	简单
这么多	年	人
这也	是
这些	人	问题	都是	东西	话
这件	事	事情
这件事	情
这会	儿
这几	天	年	个
这句	话
这回	事
这家	伙
这就	是说
这张	专辑
这才	是
这时	候
这是	一个	我	个	一种	什么	他	你
这条	路
这样	做	才能	一来	写
这段	时间	话
这种	情况	人	事	方式	事情	方法	感觉
这种事	情
这篇	文章
这部	电影
这都	是
这首	歌	诗	歌曲
这首歌	曲
进	行	入	一步	去	来	步	口	程
进入	中国	市场	游戏	系统
进出	口
进化	论
进口	车	商	量	国
进城	务工
进展	情况	顺利
进度	条
进来	看看
进行	分析	调查	全面	检查	调整	交流	到底	研究
远	程	远	离	处	方	去	比	东
远程	教育	控制	协助
远远	超过
违	法	反	规	背	约	章	者	纪
违反	规定
违法	行为	犯罪	违规	案件	违纪	所得
违约	金	责任
违规	行为
连	接	续	锁	忙	连	个	线	载
连带	责任
连接	器	线	数	起来	池
连日	来
连环	画
连续	剧	性
连连	看
连锁	店	经营	企业	反应
迟	到	早	迟	钝	疑	缓	来	滞
迥	异
迪	拜	亚	奥	斯	厅	克
迪斯	尼
迫	切	使	害	于	不得已
迫切	需要
迭	代
述	说	评	职
迷	茫	人	失	惑	宫	信	你	恋
迸	发
迹	象
追	求	究	逐	踪	加	问	捧	寻
追求	者	完美
追究	责任	其
追随	者
退	出	休	货	款	回	役	还	税
退伍	军人
退休	人员	金	年龄
退回	来
送	给	到	货	你	我	来	上	去
送上	门
送出	去
送礼	物
送货	上门
适	合	应	当	用	宜	量	时	度
适合	自己	做
适应	性	能力
适用	范围	性
适配	器
逃	避	跑	离	脱	走	课	出	亡
逆	转	境	向	势	光	市	流	行
选	择	手	项	举	用	中	购	拔
选举	产生
选修	课
选拔	赛
选择	性	题	权	好
选项	卡	中
逊	色	于
逍	遥
透	露	明	过	支	视	彻	着	出
透明	度
逐	渐	步	年	一	个	级	月	项
递	交	给	增	减	归	上
途	径	中	经	安
逗	号	留	逗	乐	得
通	过	知	常	信	道	讯	用	宵
通俗	易懂
通信	设备	技术	行业	系统
通州	区
通报	批评
通用	汽车
通电	话
通知	书	单
通缉	令
通行	证	费
通讯	员	录	社
通过	网络	手机	学习	率
逛	街	逛
逝	去	世	者
速	度	率	腾	递	成	冻
速度	快	慢	最快
造	成	型	就	假	反	价	福	谣
造型	师	设计
造成	损失
逢	低
逮	捕	住	到
逻	辑
逻辑	性
逼	近	迫	真	人	我	着	得	你
逾	期	越
遂	宁
遇	到	见	上	难	事	害	见你	刺
遇到	问题	困难
遇见	你
遇难	者
遍	布	地	及	历
遍地	开花
遏	制	止
遐	想
道	理	路	德	歉	具	家	士	教
道德	规范	教育	观
道路	交通	运输
遗	憾	忘	传	址	产	留	漏	体
遗传	学	算法
遗留	问题
遛	狗
遣	返	送
遥	远	控	感	望	遥
遥控	器
遥遥	无期	领先
遨	游
遭	遇	到	受	人	殃
遮	掩	住	挡	盖	蔽	阳
遴	选
遵	守	循	照	从	义	命
避	免	开	孕	暑	难	险	讳	税
避孕	套	药
邀	请	约
邀请	函	赛
邂	逅
邋	遢
邓	小平	肯	超
邢	台
那	个	么	些	里	样	是	就	种
那一	刻	天	年	瞬间	次	夜	种
那个	人	时候	男人	地方	女人	女孩
那么	大	好	远	难
那也	是
那些	人
那会	儿
那几	个
那句	话
那天	晚上
那女	人
那家	伙
那就	是
那时	候
那是	我
那样	子
那种	感觉
那首	歌
邦	德
邪	恶	教	气	门
邮	件	箱	寄	局	费	政	编	票
邮件	地址
邮政	编码	局	储蓄
邮箱	地址
邯	郸
邯郸	市
邵	阳
邻	居	近	国	里	家	居家
邻居	家
郁	闷	郁
郁闷	的
郊	区	外	游
郎	中	君	朗
郑	州	重	智	钧	和	洁
郑州	市
郑重	声明
郡	主
部	分	门	队	署	长	位	落	件
部分	内容	地区	组成
部落	格
部门	经理
郭	靖	晶晶	嘉
郴	州
都	是	有	会	在	要	不	能	没
都不	知道	是	敢
都市	报
都是	这样
都有	自己
都江堰	市
鄙	视	人	夷
酋	长
酌	情
配	置	合	套	件	备	方	送	音
配套	设施
配置	文件
配送	中心
酒	店	吧	精	楼	杯	后	量	类
酒吧	里
酗	酒
酝	酿
酬	劳	金
酱	油	紫
酵	母
酷	睿	似	爱	网	酷	刑	暑	狗
酸	奶	性	痛	酸	辣	菜	楚	甜
酿	酒	成	造
醇	厚
醉	人	酒	了	倒
醋	酸
醒	来	目	悟	醒	着
采	用	取	访	购	集	纳	矿	样
采取	措施	行动
采矿	权
采购	商	部
释	放	怀	然	义
里	面	有	边	头	程	去	没有	昂
里斯	本
里有	个
里程	碑
重	要	新	点	庆	大	视	复	启
重仓	股
重启	后
重复	性	建设
重大	问题	事项	影响	项目	意义	突破	决策	事件
重工	业
重庆	市
重新	启动	开始	回到	安装	认识
重点	项目	工程	工作	企业	大学	中学	建设	领域
重装	系统
重要	性	作用	原因	内容	因素	意义	思想	讲话
重重	地
重量	级
重金	属
重阳	节
野	外	蛮	生	兽	猪	心	性	人
野战	军
野生	动物
野蛮	人
量	化	产	大	子	身	能	刑	为
量身	定做
金	融	额	属	钱	山	牌	币	色
金刚	石
金华	市
金城	武
金属	材料
金山	词霸	毒霸
金曲	奖
金沙	江
金牛	座
金融	机构	危机	市场	业	界	服务	体系	街
金银	花
金马	奖
金黄	色
釜	山
鉴	定	于	别	赏	证
针	对	对性	灸	织	刺	头
针对	性
钉	子	在
钉子	户
钓	鱼
钓鱼	岛	台
钙	质
钛	合金
钞	票
钟	头	情	爱	声	表	楼	意
钢	铁	琴	材	筋	管	板	笔	结构
钢材	价格
钢琴	曲	家
钢铁	企业	行业	业
钥	匙
钦	佩	州
钩	子
钱	包	财	多	买	钱	就	币	来
钳	子
钻	石	进	研	戒	孔	井	头	出
钾	肥
铁	路	通	矿石	匠	矿	定	血	杆
铁矿	石
铁路	运输	局	建设
铁道	部
铂	金
铃	声	木	铛	音
铅	笔
铜	矿	价	牌	像	陵	业	钱	板
铝	合金	业	箔
铠	甲
铭	记	牌
铲	除	子
银	行	子	色	河	行业	幕	联	川
银川	市
银河	系	证券
银行	卡	业	股	贷款	存款	间	家	账户
铸	造	就	铁	件	成
铺	设	垫	开	子	满	路	货	面
链	接	条	路	子	表
链接	地址
铿	锵
销	售	量	毁	往	路	魂	户
销售	额	人员	收入	量	部	价格	商	渠道
锁	定	住	骨	在	门
锂	电池
锄	头
锅	炉	里	中	内	盖	底	巴
锋	利	线	芒
锐	利	减	志	意	气
错	误	过	觉	位	失	的	字	乱
错误	信息
锣	鼓
锤	子	炼
锦	绣	州	江	囊
键	盘	值	入	鼠	位
锯	齿
锻	炼	造
锻炼	身体
镀	金	锌	膜	铬
镂	空
镇	江	压	定	政府	上	长	静	痛
镜	头	子	像	片	面	中
镜子	里
镰	刀
镶	嵌
长	期	大	沙	得	时间	度	江	城
长出	来
长宁	区
长安	福特	街
长效	机制
长春	市
长期	以来	投资	使用	性
长江	电力	证券	流域	大桥
长沙	市
长篇	小说
长途	电话
长长	的
门	口	票	户	前	槛	外	诊	店
门户	网站
门诊	部
门课	程
闪	烁	电	光	亮	人	耀	过	存
闪亮	登场
闪光	灯	点
闪闪	发光
闭	幕	上	嘴	关	合	眼	塞	门
闭上	眼睛	眼
闭上眼	睛
闭幕	式
闭着	眼睛
问	题	问	我	你	他	一下	候	道
问卷	调查
问题	解决
闯	入	进	荡	红灯	关
闲	着	置	聊	人	杂	暇	逛	话
间	接	的	隔	谍	隙	断	距	歇
间歇	性
闵	行
闵行	区
闷	热	骚	闷	死
闸	门	北
闹	钟	得	剧	事	心	市	闹	腾
闺	女	房
闻	名	到	讯	言	之	闻
闽	南	台
阀	门
阁	下	楼
阅	读	历	卷	览	兵
阅览	室
阅读	全文	器	理解
阈	值
阉	割
阎	王
阐	述	释	明
阜	阳	新
队	伍	员	长	友	列	里	形	中
队伍	建设
防	止	守	御	治	范	护	水	线
防晒	霜
防治	工作
防火	墙
防病	毒
防盗	门
防腐	剂
防范	措施
阳	光	台	性	痿	朔	历	线	江
阳光	明媚
阴	影	道	茎	谋	阳	暗	天	险
阴道	炎
阵	容	地	营	阵	列	子	雨	亡
阶	段	层	级	梯
阶段	性
阶级	斗争
阻	止	碍	力	挡	塞	挠	断	拦
阿	姨	里	拉	弥	布	曼	尔	哥
阿尔	卡特	斯通	法
阿拉	伯	希
阿拉伯	人
阿斯	顿
阿根廷	队
阿联	酋
阿里	巴巴
陀	螺
附	近	件	加	属	魔	带	上	录
附加	值	费
附属	医院
际	遇
陆	续	军	地	毅	上	游	涛	路
陈	述	列	旧	先生	凯歌	坤	某	家
陈云	林
陈晓	旭
陋	习
陌	生	生人	上	路
陌生	人
降	低	价	到	温	临	至	落	级
降低	成本
降水	量
降落	伞
降雨	量
限	制	定	量	额	度	期	于	速
限价	房
限制	性
限量	版
陕	西	北
陕西	省
陛	下
陡	然	峭
院	长	校	士	子	里	系	内	落
院子	里
除	了	非	去	外	权	掉	以	夕
除此	之外
陨	石
险	些	恶	种	情	胜
陪	你	我	伴	同	着	她	他	陪
陪着	我	你
陵	墓	园
陶	瓷	醉	喆	冶	器
陷	入	阱	害	于	进
隆	重	起	隆	胸
隆重	举行	推出
隋	唐
随	便	着	时	后	意	机	即	之
随之	而来
随处	可见
随心	所欲
随意	性
随时	随地
随机	数
随身	携带	听
随风	飘
隐	藏	身	私	患	瞒	形	隐	蔽
隐形	眼镜
隐私	权
隔	壁	离	着	天	开	音	阂	热
隔离	霜
障	碍
障碍	物
隧	道
隶	属	书
难	道	以	得	度	受	过	怪	题
难为	情
难以	置信	想象	忍受	忘怀
难得	一见
雀	巢	斑	跃
雄	厚	伟	性	鹿	心	鹰	风	壮
雅	虎	思	典	阁	戈尔	致	芳	安
雅典	娜
雅虎	中国
集	团	中	体	成	合	装箱	群	结
集中	营	精力	度	体现	采购	学习
集体	经济	企业	土地
集团	公司	军	总裁
集成	电路	显卡
集约	化
雇	员	主	佣	用
雌	激素	性	雄
雍	正
雏	形
雕	塑	刻	像	琢	花
雨	水	天	伞	中	后	季	燕	雪
雪	花	山	白	儿	糕	地	茄	人
雯	雯
零	售	件	食	部件	点	星	售价	钱
零售	商	业	价	价格	企业	市场	额	总额
零售价	格
雷	达	锋	霆	同	电	诺	雨	声
雷曼	兄弟
雾	气	里	化
需	要	求	要用	要做	用
需求	量	分析
需要	注意	帮助	用	什么	做	时间
霆	锋
震	荡	撼	惊	动	慑	中	颤	天
震撼	力
霉	菌	素
霍	尔	金	夫	乱
霏	凡	霏
霓	裳	虹
霓虹	灯
霞	光
露	出	天	面	点	露	营	水	台
霸	道	王	主	气	占	权
霹	雳
青	年	岛	春	少年	睐	蛙	海	山
青山	绿水
青岛	市	啤酒
青年	人	教师	队	学生
青春	期	痘
青海	省	湖
青藏	铁路	高原
青铜	器
靓	女	丽	颖	仔	照
靖	江
静	静	态	脉	止	音	电	心	坐
静安	寺	区
静静	的
非	常	法	洲	要	得	凡	典	主流
非典	型
非常	好	重要	大	感谢	喜欢	重视	不错	方便
非洲	国家
靠	近	着	谱	在	前	拢	不住	山
面	对	前	试	临	积	向	子	包
面包	车
面向	对象	社会	全国
面对	面
面带	微笑
面试	官	时
革	命	新
革命	性
靴	子
靶	子
鞋	子	底	业	垫	带	类
鞍	山	钢
鞍山	市
鞠	躬
鞭	炮	子	策
韦	小宝	伯	德
韧	性	带
韩	国	国人	剧	寒	语	文	信	红
韩国	人	队	电影
韭	菜
音	乐	箱	频	响	质	量	效	视频
音乐	会	人	家	剧	学院	节	手机	盒
音像	制品	店
韵	味	律
韶	关	山
页	面	码	数	首	眉	尾	脚
顶	顶顶顶	级	一下	多	部	尖	着	上
顶上	去
顶级	域名
顶顶	顶顶	顶
顶顶顶	顶
项	目	链	羽	下
项目	组	建设	经理	管理	部	实施	开发	投资
顺	利	便	序	着	手	应	畅	眼
顺利	进行	完成	通过
顺口	溜
顺德	区
顺风	车
须	知	经	要	在
顽	强	固	皮	疾
顾	客	问	虑	及	不上	忌	不得	家
顿	时	饭	了	悟
颁	发	布	奖
颁奖	典礼	礼	仪式
颂	歌
预	计	测	期	算	防	订	定	报
预付	款	费
预告	片
预备	队	役
预防	措施
颅	内
领	导	域	先	取	袖	悟	会	土
领事	馆
领军	人物
领头	羊
领奖	台
领导	人	干部	小组	者	班子	层	力	集体
颇	有	为	具	多	受	丰	高	深
颈	部	椎
颈椎	病
频	道	率	繁	频	段	发	谱
颓	废	势
颗	粒	星
题	目	材	为	型	库	词
颜	色	料	面
额	外	度	头	定
颠	覆	倒	簸	峰
颤	抖	动
颧	骨
风	险	格	景	扇	光	暴	雨	情
风云	人物
风力	发电
风向	标
风吹	过
风情	万种
风景	区	线
风湿	病
风险	投资	管理	控制
飓	风
飘	飘	过	逸	落	渺	荡	零	香
飙	升
飚	车
飞	机	行	翔	扬	飞	快	跃	船
飞机	票	场
飞来	飞去
飞行	员	器
飞起	来
飞速	发展
食	品	物	堂	用	欲	指	谱	盐
食品	安全	药品	卫生	加工	生产	工业
食欲	不振
食物	中毒
食用	油	菌
餐	厅	馆	饮	桌	具	费	后
餐饮	业	企业
饕	餮
饥	饿	渴	荒
饭	店	菜	吃	后	馆	碗	局	饭
饮	食	料	用	水	酒	用水	品	茶
饮水	机
饮用	水
饮食	习惯	文化
饰	品	演	物
饱	满	和	受	含	饱
饱和	度
饲	料	养	喂
饶	了
饺	子
饼	干	子
饿	死	着	得
馄	饨
馅	饼
馆	长	子	藏	内
馈	赠
馒	头
首	先	次	页	都	席	选	发	批
首付	款
首发	阵容
首届	中国
首映	式
首歌	曲
首脑	会议
首要	任务
首都	机场
香	港	水	蕉	味	烟	气	香	港人
香港	人	电影	上市	回归	特区	政府	股市	大学
马	上	甲	路	桶	云	克	刺	车
马上	就要
马克	思
马刺	队
马拉	松
马来	西亚
马赛	克
马路	边
马里	奥
驯	服
驰	骋	名
驰名	商标
驱	动	使	散	车	逐	赶	除	动力
驱动	程序	器	力	之家
驱逐	舰
驳	回	斥
驴	子	友
驶	入	过	向
驸	马
驻	地	足	扎	军	华	守	外	留
驼	背
驾	驶	照	车	校	驭
驾驶	员	证	者	室	人
驿	站
骂	人	我	得	声	街	道	死	骂
骄	傲	人	阳
骆	驼
骇	人
验	证	收	货	资	房
验证	码
骏	马	捷
骐	达
骑	士	车	马	着	兵	自行车	行	术
骗	子	人	你	我	了	局	取	术
骚	扰	乱	动	货
骡	子
骤	然
骨	头	干	折	骼	髓	架	灰	科
骨干	企业	教师
骷	髅
高	兴	速	级	度	手	中	校	考
高中	生	毕业	同学	阶段
高分	子
高压	锅	线
高尔夫	球
高层	次	建筑	领导
高峰	期	论坛
高度	重视	评价
高强	度
高效	率
高新	技术	区
高校	学生	招生
高楼	大厦
高清	晰
高科	技
高端	产品
高等	教育	学校	院校	数学
高级	官员	中学	人才
高考	成绩
高职	院校
高血压	病
高跟	鞋
高速	公路	增长	发展	路	铁路
高高	的
鬼	子	魂	话	神	混	故事	脸	王
魁	梧
魂	魄
魄	力
魅	力	族	惑	影
魏	国	晋
魔	兽	法	鬼	力	术	王	幻	女
魔兽	世界	争霸
魔术	师
魔法	师
鱼	儿	类	肉	头	缸	翅	雷	片
鱿	鱼
鲁	迅	能	尼	莽	豫	国
鲁迅	先生
鲍	鱼	威尔
鲜	明	花	血	艳	活	红	美	果
鲤	鱼
鲨	鱼
鲫	鱼
鲸	鱼
鳄	鱼
鳗	鱼
鳞	片
鸟	人	儿	类	巢	语
鸡	蛋	巴	肉	翅	鸡	腿	肋	汤
鸣	人	叫
鸦	片
鸦片	战争
鸭	子	蛋
鸳	鸯
鸵	鸟
鸽	子
鸿	沟	雁
鹌	鹑
鹏	飞	华
鹦	鹉
麒	麟
麦	克	蒂	迪	子	田	兜	片	芽
麦克	风
麻	烦	木	将	痹	醉	雀	辣	花
麻烦	事
麻辣	烫
麾	下
黄	金	色	河	山	昏	瓜	晓明	石
黄土	高原
黄浦	江	区
黄金	周	甲	时代	价格	时段
黎	明	姿
黏	膜
黑	色	暗	白	客	龙江	人	社会	夜
黑夜	里
黑客	帝国
黑板	报
黑色	素	幽默
黑衣	人
黑黑	的
黑龙	江
黑龙江	省
默	认	默	契	哀	许	克尔	念	然
默认	的	值
黛	玉
黝	黑
黯	然	淡
鼎	盛	好	力
鼓	励	掌	舞	动	吹	起	楼	捣
鼓励	学生
鼠	标
鼠标	右键	垫
鼻	子	涕	孔	炎	血	腔	梁	祖
鼾	声
齐	全	聚	齐	秦	鲁	国	备	声
齐心	协力
齐齐	哈尔
齿	轮
龌	龊
龙	头	虾	华	门	泉	珠	王	岗
龙头	企业
龙岗	区
龟	头	龟
